2010-02-03T17:35:50.015+0100, 0, 0, 0, 0, 0, 0, 0, 0, 0, 0, 0, 0, 0, 0, 0, 0, 0, 2, 0, 0, 0, 0, 0, 0
2010-02-08T18:34:27.742+0100, 0, 0, 0, 0, 0, 0, 0, 0, 0, 0, 0, 0, 0, 0, 0, 0, 0, 0, 1, 0, 0, 0, 0, 0
2010-02-09T04:52:46.188+0100, 0, 0, 0, 0, 1, 0, 0, 0, 0, 0, 0, 0, 0, 0, 0, 0, 0, 0, 0, 0, 0, 3, 0, 0
2010-02-10T10:12:13.281+0100, 0, 0, 0, 0, 0, 0, 0, 0, 0, 0, 1, 0, 1, 0, 0, 0, 0, 0, 0, 0, 0, 0, 0, 0
2010-02-12T16:50:04.020+0100, 0, 0, 0, 0, 0, 0, 0, 0, 0, 0, 0, 0, 0, 0, 0, 0, 1, 0, 0, 0, 0, 0, 0, 0
2010-02-16T09:27:34.481+0100, 0, 0, 0, 0, 0, 0, 0, 0, 0, 1, 0, 0, 0, 0, 0, 0, 0, 0, 0, 0, 0, 0, 0, 1
2010-02-17T15:58:43.951+0100, 0, 0, 0, 0, 0, 0, 0, 0, 0, 0, 0, 0, 0, 0, 0, 1, 0, 0, 0, 0, 0, 0, 0, 0
2010-02-18T02:52:25.820+0100, 0, 0, 1, 0, 0, 0, 0, 0, 0, 0, 0, 0, 0, 0, 1, 0, 0, 0, 0, 0, 0, 0, 0, 0
2010-02-19T06:33:59.577+0100, 0, 0, 0, 0, 0, 0, 1, 0, 0, 0, 0, 0, 0, 0, 0, 0, 0, 0, 0, 0, 0, 0, 0, 0
2010-02-20T04:09:30.221+0100, 0, 0, 0, 0, 1, 0, 0, 0, 0, 0, 1, 0, 0, 0, 0, 0, 0, 0, 0, 0, 0, 0, 0, 0
2010-02-22T11:13:06.498+0100, 0, 0, 0, 0, 0, 0, 0, 0, 0, 0, 0, 1, 0, 0, 1, 0, 0, 1, 0, 0, 0, 0, 0, 3
2010-02-23T07:13:44.607+0100, 0, 0, 0, 0, 0, 0, 0, 1, 0, 0, 0, 0, 0, 0, 0, 0, 0, 0, 1, 0, 0, 0, 0, 0
2010-02-24T09:49:08.162+0100, 0, 0, 0, 0, 0, 0, 0, 0, 0, 1, 0, 0, 1, 0, 0, 0, 1, 0, 0, 0, 0, 0, 0, 0
2010-02-25T05:49:12.821+0100, 0, 0, 0, 0, 0, 1, 0, 3, 0, 0, 0, 0, 0, 0, 0, 0, 0, 0, 0, 1, 0, 0, 0, 0
2010-02-26T01:57:58.063+0100, 0, 1, 0, 1, 0, 0, 0, 0, 0, 0, 0, 0, 0, 0, 0, 0, 0, 1, 0, 0, 0, 1, 0, 0
2010-02-27T09:04:18.675+0100, 0, 0, 0, 0, 0, 0, 0, 0, 0, 1, 0, 0, 0, 0, 0, 0, 0, 0, 0, 0, 0, 0, 1, 0
2010-02-28T02:13:36.525+0100, 0, 0, 1, 0, 1, 0, 0, 0, 0, 0, 0, 0, 1, 0, 0, 0, 0, 0, 0, 0, 0, 0, 1, 1
2010-03-01T04:21:35.089+0100, 0, 0, 0, 0, 1, 0, 0, 0, 0, 0, 0, 1, 0, 0, 0, 0, 0, 0, 0, 0, 0, 0, 1, 0
2010-03-02T08:25:11.921+0100, 0, 0, 0, 0, 0, 0, 0, 0, 1, 1, 0, 1, 0, 0, 0, 1, 0, 0, 0, 0, 0, 0, 0, 0
2010-03-03T06:31:26.652+0100, 0, 0, 0, 0, 0, 0, 1, 0, 0, 0, 0, 1, 0, 0, 0, 0, 1, 0, 0, 0, 0, 0, 0, 3
2010-03-04T03:41:01.303+0100, 0, 0, 0, 1, 0, 0, 0, 0, 0, 0, 0, 0, 0, 0, 1, 0, 0, 1, 0, 0, 0, 1, 0, 0
2010-03-05T03:10:06.494+0100, 0, 0, 0, 3, 0, 0, 0, 0, 0, 0, 0, 0, 0, 0, 0, 0, 0, 0, 0, 0, 0, 0, 0, 0
2010-03-06T02:59:57.460+0100, 0, 0, 1, 0, 1, 1, 0, 0, 0, 1, 0, 0, 1, 0, 1, 0, 3, 0, 0, 0, 0, 0, 0, 0
2010-03-07T05:45:06.832+0100, 0, 0, 0, 0, 0, 1, 0, 0, 1, 1, 0, 1, 1, 0, 3, 0, 0, 1, 1, 0, 0, 0, 0, 0
2010-03-08T04:25:43.473+0100, 0, 0, 0, 0, 1, 0, 1, 0, 0, 0, 0, 1, 0, 0, 1, 0, 0, 0, 1, 0, 1, 1, 0, 0
2010-03-09T00:43:44.233+0100, 1, 0, 0, 1, 0, 0, 0, 1, 0, 1, 1, 3, 0, 0, 0, 0, 0, 0, 0, 0, 0, 0, 3, 0
2010-03-10T16:48:47.193+0100, 0, 0, 0, 0, 0, 0, 0, 0, 0, 0, 0, 0, 0, 0, 0, 0, 1, 0, 1, 0, 0, 0, 0, 0
2010-03-11T01:37:20.251+0100, 0, 3, 0, 0, 0, 0, 0, 0, 0, 1, 0, 0, 0, 1, 0, 0, 0, 0, 0, 0, 0, 0, 0, 1
2010-03-12T01:21:16.200+0100, 0, 1, 1, 0, 0, 0, 0, 0, 0, 0, 0, 0, 0, 1, 0, 0, 0, 0, 0, 0, 0, 3, 0, 0
2010-03-13T01:42:52.957+0100, 0, 1, 0, 0, 0, 0, 0, 1, 1, 0, 0, 0, 0, 0, 1, 0, 1, 0, 0, 0, 0, 1, 3, 0
2010-03-14T06:05:31.618+0100, 0, 0, 0, 0, 0, 0, 3, 0, 0, 0, 1, 1, 0, 0, 0, 0, 0, 0, 1, 0, 0, 0, 0, 1
2010-03-15T05:47:42.141+0100, 0, 0, 0, 0, 0, 1, 0, 3, 2, 0, 0, 0, 0, 1, 4, 0, 0, 0, 0, 0, 0, 0, 0, 0
2010-03-16T01:29:18.392+0100, 0, 1, 0, 0, 0, 1, 1, 1, 1, 0, 3, 0, 0, 1, 0, 0, 0, 1, 0, 0, 0, 1, 0, 1
2010-03-17T02:32:43.128+0100, 0, 0, 1, 0, 0, 0, 1, 0, 0, 0, 1, 1, 0, 0, 0, 0, 0, 0, 0, 1, 1, 0, 0, 0
2010-03-18T02:36:14.883+0100, 0, 0, 1, 0, 0, 0, 0, 0, 0, 1, 1, 0, 0, 0, 0, 0, 0, 0, 0, 1, 0, 0, 0, 0
2010-03-19T00:45:30.337+0100, 1, 1, 0, 3, 0, 1, 0, 0, 0, 0, 1, 1, 0, 0, 0, 0, 0, 0, 0, 0, 3, 0, 0, 0
2010-03-20T02:51:13.859+0100, 0, 0, 1, 1, 1, 1, 0, 1, 0, 0, 1, 0, 0, 0, 0, 0, 0, 0, 3, 0, 0, 0, 0, 0
2010-03-21T06:50:57.174+0100, 0, 0, 0, 0, 0, 0, 1, 0, 0, 3, 0, 0, 0, 0, 0, 1, 0, 0, 0, 0, 0, 3, 0, 0
2010-03-22T02:53:19.054+0100, 0, 0, 1, 3, 0, 0, 0, 0, 3, 0, 0, 0, 0, 0, 0, 0, 0, 1, 0, 0, 1, 0, 3, 0
2010-03-23T02:09:32.960+0100, 0, 0, 1, 1, 0, 1, 0, 1, 0, 1, 0, 1, 0, 1, 0, 3, 0, 0, 0, 0, 1, 4, 0, 0
2010-03-24T07:57:11.648+0100, 0, 0, 0, 0, 0, 0, 0, 3, 0, 0, 1, 0, 0, 0, 1, 0, 0, 0, 0, 1, 0, 0, 0, 0
2010-03-25T07:58:39.020+0100, 0, 0, 0, 0, 0, 0, 0, 1, 1, 0, 3, 0, 0, 0, 0, 1, 0, 0, 0, 1, 0, 0, 0, 0
2010-03-26T00:34:00.426+0100, 3, 0, 0, 3, 0, 0, 0, 0, 0, 0, 0, 1, 1, 0, 0, 1, 0, 0, 0, 1, 1, 0, 0, 0
2010-03-27T03:56:30.326+0100, 0, 0, 0, 1, 1, 1, 0, 0, 0, 1, 1, 0, 1, 0, 1, 3, 0, 0, 1, 0, 0, 0, 0, 0
2010-03-28T03:23:13.281+0200, 0, 0, 0, 1, 1, 3, 0, 0, 0, 0, 0, 0, 0, 1, 0, 0, 1, 0, 0, 3, 0, 0, 0, 0
2010-03-29T01:55:23.129+0200, 0, 1, 0, 0, 3, 0, 0, 2, 0, 0, 0, 0, 0, 0, 1, 0, 3, 0, 0, 0, 0, 0, 0, 3
2010-03-30T03:08:17.015+0200, 0, 0, 0, 1, 0, 0, 0, 0, 1, 0, 0, 0, 0, 0, 1, 1, 3, 0, 0, 0, 0, 0, 0, 0
2010-03-31T06:29:48.689+0200, 0, 0, 0, 0, 0, 0, 1, 0, 0, 0, 1, 0, 0, 1, 0, 0, 0, 0, 1, 0, 0, 1, 0, 0
2010-04-01T03:35:11.379+0200, 0, 0, 0, 1, 0, 1, 1, 0, 0, 0, 0, 0, 0, 1, 3, 0, 0, 0, 0, 0, 1, 0, 1, 0
2010-04-02T00:09:07.576+0200, 1, 1, 0, 1, 1, 0, 1, 1, 0, 1, 1, 1, 1, 0, 0, 0, 1, 1, 3, 0, 0, 0, 0, 0
2010-04-03T01:14:25.197+0200, 0, 4, 0, 0, 0, 0, 1, 0, 1, 0, 0, 0, 0, 3, 4, 2, 0, 0, 0, 0, 1, 1, 0, 0
2010-04-04T01:23:08.860+0200, 0, 1, 3, 0, 0, 0, 0, 0, 0, 0, 0, 0, 0, 2, 0, 0, 0, 0, 0, 1, 1, 0, 1, 1
2010-04-05T00:11:51.343+0200, 3, 0, 0, 0, 0, 0, 1, 0, 0, 0, 0, 1, 1, 1, 1, 0, 0, 0, 0, 1, 1, 1, 0, 1
2010-04-06T03:41:14.301+0200, 0, 0, 0, 1, 1, 0, 0, 0, 0, 0, 1, 0, 1, 0, 1, 1, 1, 1, 0, 0, 1, 0, 3, 0
2010-04-07T02:38:31.604+0200, 0, 0, 1, 0, 1, 1, 0, 0, 1, 0, 1, 0, 0, 1, 0, 0, 0, 1, 0, 1, 1, 0, 1, 1
2010-04-08T00:15:30.670+0200, 1, 0, 0, 1, 0, 0, 0, 0, 0, 1, 1, 0, 0, 1, 0, 1, 0, 1, 1, 1, 0, 1, 0, 1
2010-04-09T01:55:53.329+0200, 0, 1, 1, 1, 1, 0, 1, 0, 1, 0, 1, 1, 6, 0, 0, 0, 0, 0, 0, 0, 0, 0, 0, 0
2010-04-10T02:25:05.699+0200, 0, 0, 3, 0, 0, 0, 0, 0, 1, 4, 0, 0, 3, 2, 0, 0, 3, 2, 0, 3, 0, 0, 0, 0
2010-04-11T04:01:55.549+0200, 0, 0, 0, 0, 3, 0, 3, 0, 0, 0, 1, 1, 0, 0, 0, 0, 4, 0, 3, 0, 0, 0, 1, 0
2010-04-12T01:17:39.831+0200, 0, 1, 0, 1, 1, 1, 0, 0, 1, 0, 0, 1, 3, 0, 0, 1, 1, 3, 0, 0, 0, 1, 1, 1
2010-04-13T00:05:15.481+0200, 4, 0, 3, 0, 2, 0, 3, 0, 0, 0, 0, 0, 0, 0, 0, 1, 0, 1, 0, 0, 0, 0, 0, 0
2010-04-14T00:52:43.574+0200, 3, 0, 2, 0, 0, 0, 3, 2, 0, 0, 3, 0, 0, 0, 0, 0, 0, 0, 0, 1, 1, 3, 0, 0
2010-04-15T02:52:55.566+0200, 0, 0, 2, 0, 0, 0, 0, 0, 3, 0, 0, 1, 0, 1, 1, 1, 0, 0, 1, 0, 1, 0, 1, 1
2010-04-16T04:12:59.284+0200, 0, 0, 0, 0, 1, 3, 0, 1, 0, 0, 0, 1, 0, 1, 0, 0, 1, 1, 0, 1, 0, 3, 0, 0
2010-04-17T01:54:47.240+0200, 0, 1, 3, 2, 0, 0, 0, 0, 3, 0, 0, 3, 0, 1, 1, 0, 0, 0, 0, 0, 0, 3, 0, 0
2010-04-18T01:30:39.434+0200, 0, 1, 0, 0, 0, 1, 0, 0, 1, 1, 1, 1, 0, 1, 3, 0, 0, 3, 0, 0, 0, 0, 0, 4
2010-04-19T00:21:57.006+0200, 2, 0, 1, 1, 0, 1, 1, 0, 0, 0, 0, 0, 1, 0, 0, 1, 3, 0, 4, 0, 0, 0, 0, 0
2010-04-20T00:02:09.911+0200, 4, 0, 0, 0, 0, 0, 0, 0, 0, 1, 4, 0, 0, 0, 0, 0, 0, 0, 1, 0, 0, 1, 0, 0
2010-04-21T00:24:43.289+0200, 1, 3, 0, 0, 0, 0, 0, 0, 3, 0, 0, 1, 3, 0, 1, 1, 0, 1, 1, 0, 0, 3, 0, 0
2010-04-22T02:16:17.459+0200, 0, 0, 3, 0, 0, 0, 0, 1, 0, 3, 0, 0, 1, 1, 0, 0, 0, 1, 1, 0, 1, 0, 0, 0
2010-04-23T00:10:49.666+0200, 1, 0, 0, 0, 0, 1, 3, 0, 0, 1, 0, 0, 0, 1, 0, 1, 5, 3, 0, 0, 0, 0, 0, 1
2010-04-24T02:17:52.426+0200, 0, 0, 1, 0, 0, 3, 0, 3, 0, 0, 1, 0, 0, 1, 0, 0, 0, 0, 0, 0, 1, 0, 0, 0
2010-04-25T00:17:28.561+0200, 1, 0, 0, 0, 0, 1, 0, 0, 3, 2, 0, 1, 0, 0, 4, 0, 0, 0, 0, 0, 1, 0, 3, 0
2010-04-26T05:23:38.041+0200, 0, 0, 0, 0, 0, 3, 0, 1, 1, 1, 1, 0, 3, 0, 0, 0, 0, 0, 1, 0, 1, 3, 0, 0
2010-04-27T04:48:58.537+0200, 0, 0, 0, 0, 3, 0, 0, 0, 0, 1, 1, 0, 0, 1, 0, 0, 1, 0, 0, 1, 1, 1, 0, 1
2010-04-28T03:44:48.428+0200, 0, 0, 0, 1, 0, 0, 1, 0, 1, 0, 1, 1, 0, 1, 0, 0, 0, 0, 0, 0, 0, 1, 0, 1
2010-04-29T00:13:43.902+0200, 3, 0, 0, 0, 3, 0, 0, 0, 1, 0, 1, 0, 0, 3, 2, 0, 0, 0, 1, 0, 3, 0, 0, 0
2010-04-30T01:41:37.900+0200, 0, 2, 0, 2, 0, 0, 2, 2, 0, 0, 0, 1, 3, 0, 0, 0, 0, 0, 3, 0, 0, 3, 2, 0
2010-05-01T03:44:03.138+0200, 0, 0, 0, 1, 0, 3, 0, 1, 0, 0, 3, 0, 0, 0, 0, 0, 1, 3, 0, 2, 0, 0, 1, 0
2010-05-02T00:40:38.285+0200, 1, 0, 1, 1, 1, 1, 1, 1, 0, 3, 0, 0, 0, 0, 1, 0, 1, 1, 0, 0, 1, 1, 0, 0
2010-05-03T00:16:04.871+0200, 1, 0, 0, 1, 0, 0, 0, 1, 1, 3, 0, 2, 2, 0, 1, 3, 2, 0, 0, 1, 1, 1, 0, 3
2010-05-04T03:06:53.352+0200, 0, 0, 0, 1, 0, 0, 0, 1, 3, 0, 1, 3, 0, 0, 0, 0, 0, 0, 0, 0, 1, 1, 1, 0
2010-05-05T03:37:23.110+0200, 0, 0, 0, 1, 0, 3, 0, 0, 1, 0, 0, 1, 1, 1, 0, 0, 3, 0, 0, 0, 0, 1, 0, 1
2010-05-06T00:44:04.887+0200, 1, 0, 4, 0, 2, 0, 0, 1, 0, 0, 0, 1, 3, 0, 0, 0, 2, 2, 0, 0, 0, 3, 0, 0
2010-05-07T04:01:43.475+0200, 0, 0, 0, 0, 1, 1, 0, 0, 5, 0, 3, 0, 0, 0, 0, 1, 1, 0, 3, 2, 0, 0, 0, 1
2010-05-08T00:17:52.617+0200, 3, 2, 0, 0, 0, 1, 1, 0, 0, 3, 0, 0, 0, 1, 1, 1, 0, 0, 1, 0, 0, 1, 0, 1
2010-05-09T00:18:00.903+0200, 1, 0, 4, 0, 0, 0, 0, 1, 1, 1, 1, 1, 3, 0, 0, 1, 1, 1, 1, 0, 0, 0, 0, 0
2010-05-10T00:46:54.013+0200, 1, 0, 1, 1, 1, 1, 1, 0, 1, 0, 0, 0, 0, 0, 0, 0, 1, 0, 1, 0, 0, 1, 1, 1
2010-05-11T01:24:16.316+0200, 0, 3, 0, 0, 0, 0, 0, 1, 1, 3, 2, 0, 0, 0, 0, 1, 0, 0, 0, 0, 1, 1, 1, 0
2010-05-12T01:04:10.199+0200, 0, 1, 0, 0, 1, 1, 0, 0, 0, 0, 1, 1, 0, 0, 1, 1, 0, 0, 0, 0, 0, 0, 1, 0
2010-05-13T00:51:38.861+0200, 1, 1, 1, 0, 3, 0, 0, 0, 1, 1, 0, 0, 0, 3, 0, 3, 2, 0, 3, 0, 0, 0, 0, 1
2010-05-14T00:01:48.796+0200, 3, 0, 0, 0, 0, 0, 0, 0, 0, 0, 0, 0, 1, 0, 1, 0, 1, 0, 0, 1, 0, 0, 1, 3
2010-05-15T02:14:09.342+0200, 0, 0, 1, 0, 0, 0, 0, 0, 0, 1, 0, 0, 1, 0, 1, 1, 0, 3, 0, 0, 0, 0, 3, 2
2010-05-16T02:41:45.195+0200, 0, 0, 1, 1, 0, 0, 1, 1, 0, 3, 0, 1, 1, 0, 1, 0, 0, 0, 0, 0, 0, 0, 1, 1
2010-05-17T02:37:04.618+0200, 0, 0, 3, 0, 3, 0, 0, 0, 0, 0, 0, 1, 0, 1, 0, 0, 3, 0, 3, 0, 4, 0, 0, 0
2010-05-18T00:39:00.279+0200, 1, 0, 0, 0, 1, 1, 4, 0, 0, 0, 0, 0, 0, 1, 4, 0, 2, 2, 0, 0, 3, 0, 0, 0
2010-05-19T01:41:31.538+0200, 0, 1, 0, 1, 3, 0, 0, 0, 1, 0, 1, 1, 0, 0, 0, 0, 1, 3, 0, 0, 4, 0, 0, 0
2010-05-20T03:07:38.320+0200, 0, 0, 0, 3, 0, 0, 0, 2, 0, 0, 0, 2, 3, 0, 0, 0, 0, 4, 2, 0, 0, 3, 0, 0
2010-05-21T02:11:35.244+0200, 0, 0, 1, 0, 0, 0, 0, 0, 0, 0, 0, 0, 3, 0, 1, 3, 0, 1, 0, 1, 0, 3, 0, 0
2010-05-22T00:50:46.857+0200, 1, 1, 1, 1, 0, 0, 0, 0, 0, 0, 1, 0, 3, 0, 0, 1, 0, 0, 0, 3, 3, 0, 0, 0
2010-05-23T05:26:27.163+0200, 0, 0, 0, 0, 0, 1, 0, 1, 0, 0, 1, 0, 1, 1, 3, 2, 0, 0, 0, 3, 0, 0, 1, 1
2010-05-24T01:18:29.410+0200, 0, 1, 1, 3, 2, 0, 0, 0, 4, 0, 0, 1, 0, 3, 0, 1, 1, 1, 1, 1, 3, 0, 0, 1
2010-05-25T02:17:46.892+0200, 0, 0, 3, 0, 0, 0, 1, 3, 0, 0, 3, 0, 0, 3, 0, 0, 0, 0, 0, 1, 1, 1, 0, 1
2010-05-26T02:27:41.696+0200, 0, 0, 1, 1, 4, 0, 0, 0, 0, 0, 4, 2, 0, 0, 3, 0, 0, 0, 1, 0, 3, 0, 1, 3
2010-05-27T01:48:17.619+0200, 0, 1, 1, 3, 0, 0, 2, 0, 0, 0, 0, 0, 3, 0, 0, 0, 3, 0, 0, 0, 1, 0, 1, 0
2010-05-28T00:17:55.862+0200, 4, 0, 0, 0, 1, 1, 0, 0, 0, 1, 0, 1, 1, 4, 0, 0, 0, 0, 0, 1, 0, 0, 1, 1
2010-05-29T01:15:21.266+0200, 0, 1, 0, 4, 0, 0, 0, 1, 0, 0, 1, 0, 1, 1, 0, 0, 3, 0, 0, 2, 0, 2, 0, 0
2010-05-30T01:14:16.805+0200, 0, 1, 3, 3, 0, 1, 1, 3, 0, 0, 3, 0, 0, 2, 0, 0, 0, 0, 0, 0, 0, 0, 0, 3
2010-05-31T02:50:24.155+0200, 0, 0, 1, 0, 1, 3, 0, 0, 0, 0, 1, 3, 0, 3, 0, 1, 4, 4, 2, 2, 2, 0, 0, 0
2010-06-01T00:31:47.577+0200, 2, 0, 0, 0, 0, 3, 2, 2, 2, 0, 0, 3, 0, 0, 0, 1, 0, 0, 3, 0, 0, 1, 0, 0
2010-06-02T00:00:37.881+0200, 3, 2, 0, 3, 0, 0, 0, 0, 3, 0, 0, 0, 0, 3, 0, 3, 4, 0, 0, 0, 1, 1, 1, 3
2010-06-03T02:48:29.014+0200, 0, 0, 3, 0, 1, 3, 0, 0, 1, 1, 1, 0, 3, 0, 0, 1, 0, 1, 1, 1, 1, 0, 1, 1
2010-06-04T00:06:57.816+0200, 1, 0, 0, 0, 1, 1, 1, 0, 1, 3, 0, 0, 0, 1, 1, 1, 3, 3, 0, 0, 0, 3, 0, 3
2010-06-05T03:32:29.902+0200, 0, 0, 0, 1, 1, 3, 0, 0, 0, 1, 0, 0, 0, 0, 0, 0, 0, 3, 0, 0, 0, 0, 0, 0
2010-06-06T03:43:20.912+0200, 0, 0, 0, 1, 0, 1, 3, 0, 0, 0, 0, 3, 0, 1, 1, 3, 0, 0, 0, 0, 0, 0, 1, 0
2010-06-07T01:46:08.332+0200, 0, 1, 0, 0, 3, 0, 0, 1, 3, 0, 1, 3, 0, 4, 0, 0, 0, 0, 1, 3, 2, 0, 1, 1
2010-06-08T01:14:11.707+0200, 0, 1, 1, 3, 0, 0, 2, 0, 0, 2, 0, 0, 1, 3, 0, 2, 0, 0, 0, 1, 0, 0, 0, 1
2010-06-09T03:14:25.557+0200, 0, 0, 0, 1, 0, 1, 0, 1, 3, 0, 0, 2, 3, 2, 2, 0, 0, 0, 4, 0, 0, 1, 0, 3
2010-06-10T00:49:37.351+0200, 2, 0, 3, 2, 0, 0, 0, 5, 2, 2, 2, 0, 4, 0, 3, 0, 0, 0, 0, 0, 0, 1, 0, 0
2010-06-11T02:02:13.840+0200, 0, 0, 3, 0, 0, 0, 1, 1, 5, 0, 0, 0, 0, 5, 0, 0, 0, 0, 3, 2, 0, 0, 0, 3
2010-06-12T02:27:28.503+0200, 0, 0, 2, 0, 2, 0, 0, 0, 0, 1, 0, 3, 0, 0, 0, 0, 3, 0, 0, 1, 1, 0, 1, 3
2010-06-13T02:33:39.637+0200, 0, 0, 3, 0, 0, 3, 3, 0, 1, 0, 0, 0, 3, 0, 1, 1, 5, 0, 0, 2, 0, 0, 0, 3
2010-06-14T01:56:14.639+0200, 0, 1, 0, 0, 3, 0, 0, 0, 0, 1, 4, 0, 3, 0, 0, 3, 0, 3, 0, 4, 0, 2, 0, 0
2010-06-15T01:52:36.451+0200, 0, 1, 3, 0, 3, 0, 3, 0, 0, 0, 0, 3, 3, 0, 2, 0, 0, 0, 4, 0, 0, 1, 0, 1
2010-06-16T00:50:35.428+0200, 1, 1, 1, 0, 0, 3, 0, 0, 0, 4, 3, 0, 2, 0, 0, 0, 0, 3, 0, 0, 0, 3, 4, 0
2010-06-17T03:13:27.123+0200, 0, 0, 0, 3, 0, 0, 0, 0, 3, 0, 0, 0, 1, 0, 1, 1, 1, 3, 0, 0, 4, 2, 0, 0
2010-06-18T02:46:40.847+0200, 0, 0, 1, 1, 1, 1, 0, 3, 4, 2, 2, 0, 2, 2, 0, 0, 3, 0, 1, 0, 1, 0, 0, 0
2010-06-19T01:39:26.017+0200, 0, 1, 3, 3, 0, 3, 0, 0, 1, 1, 1, 0, 1, 1, 0, 1, 4, 0, 4, 3, 0, 0, 0, 0
2010-06-20T01:09:07.299+0200, 0, 3, 0, 0, 0, 1, 3, 0, 0, 2, 0, 0, 1, 0, 3, 2, 0, 0, 1, 0, 1, 4, 0, 2
2010-06-21T00:58:12.869+0200, 2, 3, 0, 0, 0, 4, 0, 0, 0, 0, 0, 3, 0, 0, 0, 0, 0, 0, 5, 0, 0, 3, 0, 1
2010-06-22T01:17:45.920+0200, 0, 4, 2, 2, 0, 1, 1, 3, 2, 2, 0, 0, 0, 0, 0, 0, 5, 0, 4, 0, 4, 0, 0, 0
2010-06-23T02:03:11.834+0200, 0, 0, 3, 0, 2, 0, 0, 2, 0, 0, 0, 1, 1, 1, 1, 3, 0, 0, 0, 1, 1, 0, 1, 1
2010-06-24T00:25:15.629+0200, 3, 0, 0, 0, 0, 3, 0, 0, 3, 0, 0, 1, 0, 0, 3, 0, 0, 0, 1, 1, 0, 1, 3, 5
2010-06-25T03:18:57.039+0200, 0, 0, 0, 1, 3, 0, 0, 0, 3, 0, 3, 0, 3, 2, 0, 3, 0, 1, 0, 4, 2, 0, 1, 6
2010-06-26T02:22:21.710+0200, 0, 0, 3, 2, 3, 2, 0, 2, 0, 1, 0, 3, 0, 0, 4, 0, 0, 0, 1, 0, 1, 0, 0, 0
2010-06-27T02:40:37.154+0200, 0, 0, 1, 5, 0, 0, 0, 3, 0, 0, 0, 1, 0, 0, 0, 1, 0, 1, 3, 0, 1, 0, 1, 3
2010-06-28T00:35:26.685+0200, 2, 0, 0, 3, 2, 0, 1, 0, 0, 1, 1, 1, 0, 0, 0, 0, 0, 0, 0, 3, 3, 0, 0, 1
2010-06-29T01:35:16.394+0200, 0, 1, 0, 1, 1, 4, 4, 0, 1, 0, 0, 0, 1, 0, 0, 1, 1, 1, 0, 0, 3, 0, 0, 1
2010-06-30T00:04:32.156+0200, 1, 0, 1, 1, 0, 1, 0, 4, 0, 0, 0, 0, 3, 0, 0, 0, 1, 1, 0, 1, 0, 1, 4, 2
2010-07-01T01:27:47.874+0200, 0, 3, 2, 0, 0, 0, 0, 1, 3, 2, 0, 3, 0, 0, 0, 0, 1, 3, 0, 1, 0, 0, 1, 0
2010-07-02T00:59:40.928+0200, 1, 0, 1, 1, 1, 1, 1, 3, 0, 0, 0, 0, 1, 0, 3, 0, 0, 3, 0, 0, 0, 0, 1, 3
2010-07-03T03:05:34.985+0200, 0, 0, 0, 1, 0, 3, 0, 0, 1, 1, 0, 0, 0, 1, 0, 0, 1, 1, 0, 1, 0, 0, 0, 3
2010-07-04T00:34:04.827+0200, 2, 0, 0, 0, 0, 0, 0, 1, 0, 0, 0, 0, 1, 0, 0, 4, 2, 0, 0, 3, 2, 0, 0, 0
2010-07-05T01:59:19.279+0200, 0, 1, 1, 0, 0, 1, 5, 0, 4, 3, 0, 2, 0, 0, 0, 4, 0, 0, 3, 0, 0, 1, 0, 0
2010-07-06T03:21:04.418+0200, 0, 0, 0, 4, 0, 1, 0, 3, 0, 3, 0, 0, 0, 3, 0, 1, 5, 0, 0, 0, 0, 0, 1, 1
2010-07-07T00:05:16.303+0200, 1, 3, 2, 0, 4, 0, 1, 1, 1, 1, 3, 0, 3, 0, 3, 0, 0, 0, 2, 0, 3, 0, 0, 0
2010-07-08T00:49:32.392+0200, 4, 0, 0, 0, 0, 0, 0, 1, 0, 0, 1, 1, 3, 2, 2, 0, 0, 0, 0, 0, 1, 1, 0, 0
2010-07-09T00:16:15.561+0200, 1, 0, 0, 0, 0, 0, 3, 0, 2, 0, 1, 1, 0, 1, 0, 0, 3, 0, 0, 1, 0, 1, 1, 0
2010-07-10T00:09:46.993+0200, 1, 1, 1, 0, 1, 3, 0, 0, 1, 1, 0, 0, 1, 1, 0, 0, 0, 0, 1, 1, 0, 1, 0, 1
2010-07-11T00:43:31.504+0200, 4, 0, 0, 0, 3, 0, 2, 0, 1, 1, 1, 4, 2, 0, 1, 1, 1, 0, 1, 1, 0, 1, 0, 1
2010-07-12T01:08:25.358+0200, 0, 5, 0, 0, 0, 3, 0, 0, 0, 1, 0, 0, 0, 1, 1, 0, 0, 3, 0, 0, 1, 1, 0, 1
2010-07-13T00:18:00.202+0200, 1, 1, 1, 0, 1, 1, 0, 1, 1, 3, 4, 0, 2, 0, 2, 0, 0, 0, 4, 0, 1, 3, 0, 1
2010-07-14T00:27:31.923+0200, 1, 1, 1, 1, 1, 1, 1, 1, 0, 0, 1, 5, 0, 0, 1, 1, 0, 3, 0, 3, 3, 2, 0, 1
2010-07-15T00:40:19.057+0200, 1, 1, 1, 3, 0, 0, 0, 0, 0, 1, 4, 2, 0, 2, 0, 0, 1, 0, 1, 0, 0, 3, 0, 1
2010-07-16T01:57:34.982+0200, 0, 1, 0, 0, 1, 1, 1, 1, 0, 3, 0, 0, 1, 0, 0, 0, 1, 5, 0, 0, 0, 3, 0, 0
2010-07-17T00:10:58.169+0200, 2, 3, 0, 1, 1, 3, 0, 0, 1, 0, 1, 0, 0, 0, 3, 0, 0, 3, 0, 0, 1, 1, 0, 0
2010-07-18T00:21:00.902+0200, 3, 0, 0, 1, 0, 0, 1, 1, 1, 3, 3, 0, 1, 0, 1, 0, 0, 1, 1, 1, 0, 0, 4, 2
2010-07-19T01:13:59.277+0200, 0, 3, 0, 2, 0, 0, 1, 0, 0, 0, 0, 0, 1, 0, 1, 0, 1, 4, 0, 0, 1, 0, 4, 0
2010-07-20T01:58:16.002+0200, 0, 1, 3, 0, 2, 0, 3, 0, 0, 0, 3, 0, 5, 0, 0, 1, 1, 0, 0, 3, 0, 3, 0, 4
2010-07-21T05:09:26.736+0200, 0, 0, 0, 0, 0, 2, 0, 0, 1, 4, 0, 0, 0, 0, 1, 3, 0, 0, 1, 0, 4, 0, 4, 0
2010-07-22T05:30:29.141+0200, 0, 0, 0, 0, 0, 3, 0, 0, 3, 0, 1, 0, 1, 0, 3, 0, 0, 0, 4, 0, 0, 0, 3, 0
2010-07-23T01:59:53.582+0200, 0, 2, 0, 0, 3, 0, 3, 0, 3, 2, 2, 0, 1, 3, 2, 0, 0, 0, 1, 3, 0, 2, 0, 0
2010-07-24T01:19:32.338+0200, 0, 1, 0, 3, 0, 0, 1, 1, 0, 1, 0, 0, 5, 0, 1, 1, 3, 0, 0, 1, 4, 0, 0, 2
2010-07-25T02:18:42.571+0200, 0, 0, 3, 0, 0, 0, 1, 3, 0, 1, 1, 1, 0, 1, 0, 1, 0, 0, 1, 1, 1, 4, 0, 3
2010-07-26T04:37:14.872+0200, 0, 0, 0, 0, 1, 0, 0, 1, 1, 0, 0, 1, 0, 1, 1, 1, 1, 1, 0, 1, 1, 1, 3, 0
2010-07-27T00:02:10.976+0200, 3, 0, 0, 2, 2, 0, 0, 0, 1, 0, 0, 0, 3, 0, 0, 0, 1, 1, 4, 2, 0, 0, 2, 0
2010-07-28T03:45:44.593+0200, 0, 0, 0, 3, 0, 1, 3, 0, 2, 0, 0, 1, 0, 4, 3, 2, 0, 0, 3, 0, 0, 0, 2, 3
2010-07-29T03:21:59.416+0200, 0, 0, 0, 2, 0, 0, 0, 4, 0, 2, 2, 0, 3, 0, 3, 0, 3, 0, 2, 0, 0, 0, 5, 2
2010-07-30T02:06:48.692+0200, 0, 0, 1, 4, 0, 0, 0, 3, 0, 1, 0, 1, 1, 0, 0, 0, 0, 1, 1, 3, 0, 0, 3, 2
2010-07-31T00:33:02.950+0200, 4, 0, 0, 0, 2, 0, 0, 0, 1, 1, 1, 0, 1, 3, 0, 0, 0, 0, 0, 3, 0, 0, 3, 0
2010-08-01T00:15:56.081+0200, 4, 0, 0, 4, 0, 5, 3, 0, 3, 2, 0, 0, 0, 1, 0, 4, 0, 0, 4, 0, 0, 1, 1, 0
2010-08-02T00:28:59.258+0200, 3, 0, 1, 5, 2, 0, 0, 0, 0, 0, 3, 0, 4, 0, 0, 0, 1, 4, 0, 0, 0, 1, 4, 0
2010-08-03T00:06:02.741+0200, 3, 0, 3, 2, 0, 0, 0, 1, 1, 1, 3, 2, 0, 0, 1, 6, 0, 3, 0, 0, 1, 3, 2, 0
2010-08-04T00:16:54.643+0200, 4, 0, 0, 0, 3, 0, 2, 0, 0, 3, 2, 0, 1, 3, 3, 2, 2, 0, 0, 4, 0, 2, 2, 2
2010-08-05T02:12:07.440+0200, 0, 0, 3, 3, 3, 4, 0, 1, 1, 3, 0, 1, 3, 0, 3, 2, 2, 2, 0, 4, 2, 0, 4, 0
2010-08-06T00:15:07.453+0200, 3, 0, 1, 3, 0, 0, 0, 3, 3, 0, 0, 0, 0, 0, 1, 1, 3, 0, 0, 0, 4, 0, 3, 2
2010-08-07T00:17:17.466+0200, 2, 0, 3, 0, 0, 1, 0, 1, 0, 0, 0, 4, 2, 0, 0, 0, 0, 4, 0, 0, 3, 0, 4, 0
2010-08-08T00:21:51.871+0200, 3, 2, 2, 0, 0, 3, 0, 2, 0, 0, 0, 1, 3, 0, 3, 0, 0, 0, 1, 1, 0, 3, 2, 0
2010-08-09T01:11:35.500+0200, 0, 1, 3, 0, 3, 0, 2, 0, 0, 0, 1, 3, 0, 0, 3, 0, 3, 0, 2, 0, 1, 4, 2, 2
2010-08-10T02:19:39.807+0200, 0, 0, 4, 0, 0, 4, 3, 0, 1, 1, 0, 3, 0, 3, 3, 0, 2, 0, 1, 1, 0, 0, 4, 3
2010-08-11T02:10:11.532+0200, 0, 0, 1, 4, 3, 0, 5, 2, 0, 3, 0, 0, 0, 3, 3, 0, 1, 1, 0, 1, 1, 1, 0, 1
2010-08-12T02:08:32.439+0200, 0, 0, 4, 2, 0, 1, 1, 4, 2, 2, 0, 3, 0, 4, 2, 2, 0, 4, 0, 0, 3, 0, 1, 3
2010-08-13T01:06:42.866+0200, 0, 5, 0, 2, 0, 0, 2, 0, 0, 0, 3, 0, 0, 1, 0, 0, 1, 3, 0, 1, 3, 5, 0, 1
2010-08-14T00:03:18.752+0200, 4, 0, 3, 0, 0, 1, 1, 3, 3, 0, 0, 2, 4, 0, 0, 1, 4, 3, 0, 0, 1, 3, 2, 0
2010-08-15T00:02:51.104+0200, 1, 1, 3, 0, 1, 1, 4, 0, 3, 0, 0, 1, 1, 3, 0, 3, 3, 0, 1, 1, 0, 0, 1, 4
2010-08-16T00:56:26.731+0200, 2, 0, 1, 0, 3, 0, 3, 0, 0, 0, 0, 0, 1, 0, 3, 2, 2, 2, 0, 0, 0, 0, 0, 0
2010-08-17T00:04:09.815+0200, 4, 0, 3, 3, 2, 3, 0, 2, 3, 2, 0, 0, 0, 0, 0, 3, 0, 1, 3, 2, 0, 0, 0, 2
2010-08-18T01:45:53.729+0200, 0, 2, 0, 0, 1, 0, 3, 0, 0, 0, 0, 1, 3, 0, 1, 1, 0, 1, 4, 0, 4, 0, 1, 3
2010-08-19T01:07:58.329+0200, 0, 3, 0, 2, 0, 2, 2, 0, 0, 3, 0, 3, 0, 3, 3, 3, 2, 0, 0, 4, 2, 2, 0, 5
2010-08-20T01:08:07.735+0200, 0, 3, 0, 3, 2, 2, 0, 0, 1, 1, 0, 3, 2, 3, 0, 0, 1, 1, 4, 3, 0, 3, 0, 4
2010-08-21T00:17:13.651+0200, 3, 0, 0, 1, 3, 0, 1, 1, 1, 3, 5, 2, 3, 2, 2, 0, 1, 0, 1, 4, 0, 3, 2, 0
2010-08-22T01:25:22.261+0200, 0, 3, 3, 2, 0, 0, 1, 1, 1, 1, 0, 4, 0, 3, 0, 0, 0, 5, 0, 3, 0, 4, 0, 0
2010-08-23T00:08:58.412+0200, 5, 0, 1, 4, 3, 0, 1, 1, 0, 3, 0, 1, 0, 0, 1, 1, 3, 0, 0, 0, 0, 4, 2, 0
2010-08-24T04:36:42.210+0200, 0, 0, 0, 0, 1, 3, 0, 4, 2, 3, 0, 4, 3, 0, 3, 2, 2, 0, 0, 2, 3, 0, 3, 0
2010-08-25T00:09:32.337+0200, 6, 5, 5, 0, 1, 1, 4, 0, 0, 3, 2, 0, 2, 2, 0, 0, 1, 3, 0, 2, 0, 0, 0, 0
2010-08-26T02:17:40.227+0200, 0, 0, 1, 3, 0, 0, 0, 3, 2, 2, 0, 0, 0, 1, 1, 0, 0, 0, 1, 1, 0, 1, 1, 3
2010-08-27T02:32:36.962+0200, 0, 0, 3, 0, 3, 0, 0, 1, 3, 0, 2, 0, 0, 0, 1, 1, 4, 2, 0, 3, 0, 2, 2, 0
2010-08-28T00:03:45.672+0200, 1, 4, 0, 0, 1, 1, 4, 0, 0, 3, 0, 1, 3, 0, 0, 0, 3, 0, 0, 3, 2, 0, 1, 1
2010-08-29T00:24:20.320+0200, 1, 3, 0, 0, 1, 3, 0, 2, 0, 1, 0, 3, 0, 0, 5, 2, 0, 3, 2, 2, 0, 3, 0, 0
2010-08-30T00:24:11.518+0200, 2, 0, 2, 0, 4, 0, 0, 0, 3, 0, 3, 0, 1, 0, 0, 3, 0, 0, 3, 0, 2, 0, 3, 4
2010-08-31T00:23:47.517+0200, 3, 2, 0, 0, 3, 0, 0, 1, 6, 0, 1, 3, 0, 2, 0, 0, 1, 0, 0, 0, 0, 3, 0, 5
2010-09-01T00:57:41.760+0200, 3, 0, 0, 6, 0, 0, 3, 0, 1, 3, 0, 0, 0, 4, 0, 0, 1, 1, 3, 0, 0, 3, 0, 0
2010-09-02T00:45:38.913+0200, 1, 4, 0, 0, 0, 0, 0, 0, 1, 1, 3, 3, 0, 0, 0, 0, 0, 4, 0, 0, 0, 3, 0, 1
2010-09-03T01:03:36.317+0200, 0, 1, 1, 1, 0, 3, 0, 6, 0, 1, 1, 1, 0, 3, 0, 0, 3, 3, 0, 0, 3, 2, 4, 0
2010-09-04T00:13:19.646+0200, 3, 0, 0, 1, 1, 1, 4, 0, 0, 0, 1, 3, 0, 1, 1, 0, 1, 1, 1, 0, 5, 2, 0, 3
2010-09-05T00:56:55.744+0200, 2, 0, 3, 0, 0, 4, 0, 0, 0, 0, 0, 0, 3, 0, 1, 5, 0, 2, 2, 2, 0, 0, 5, 0
2010-09-06T00:13:57.773+0200, 2, 0, 0, 0, 1, 4, 0, 0, 3, 0, 0, 1, 1, 0, 0, 1, 3, 0, 0, 1, 1, 4, 0, 2
2010-09-07T03:56:55.214+0200, 0, 0, 0, 1, 3, 0, 2, 2, 0, 0, 0, 0, 1, 1, 0, 3, 0, 4, 0, 3, 0, 1, 5, 0
2010-09-08T00:44:05.240+0200, 2, 0, 1, 3, 3, 0, 1, 1, 1, 3, 4, 0, 0, 2, 0, 0, 1, 0, 3, 0, 0, 0, 1, 3
2010-09-09T02:06:03.527+0200, 0, 0, 1, 1, 0, 1, 0, 0, 1, 0, 1, 4, 0, 0, 0, 0, 0, 1, 0, 1, 1, 0, 3, 2
2010-09-10T01:15:10.528+0200, 0, 5, 0, 0, 0, 3, 3, 2, 3, 0, 0, 1, 1, 0, 1, 3, 0, 0, 4, 0, 2, 2, 2, 2
2010-09-11T00:06:15.603+0200, 2, 0, 0, 0, 3, 0, 1, 0, 1, 3, 0, 0, 1, 3, 4, 0, 0, 2, 0, 0, 0, 3, 0, 0
2010-09-12T00:13:53.590+0200, 1, 3, 0, 3, 0, 0, 0, 2, 0, 3, 2, 0, 0, 2, 2, 4, 3, 0, 2, 0, 3, 0, 0, 3
2010-09-13T00:15:59.032+0200, 2, 0, 3, 3, 4, 0, 1, 1, 3, 2, 0, 3, 0, 0, 3, 3, 0, 1, 0, 0, 6, 2, 0, 1
2010-09-14T00:18:09.905+0200, 1, 1, 0, 3, 0, 0, 2, 2, 2, 0, 3, 3, 0, 3, 0, 1, 3, 0, 4, 0, 0, 0, 1, 4
2010-09-15T00:15:22.866+0200, 4, 0, 0, 5, 0, 0, 1, 3, 0, 4, 2, 0, 0, 3, 0, 0, 3, 0, 0, 0, 4, 0, 4, 0
2010-09-16T00:51:40.998+0200, 3, 2, 0, 0, 3, 0, 0, 1, 1, 3, 0, 3, 0, 3, 2, 2, 0, 0, 1, 3, 2, 0, 0, 1
2010-09-17T00:13:07.436+0200, 3, 3, 0, 1, 4, 0, 2, 0, 3, 0, 0, 0, 1, 3, 0, 0, 1, 4, 0, 0, 4, 2, 3, 0
2010-09-18T00:09:50.117+0200, 6, 0, 0, 0, 1, 4, 0, 0, 3, 0, 1, 1, 0, 0, 1, 4, 0, 3, 4, 2, 0, 1, 5, 3
2010-09-19T00:45:27.667+0200, 3, 0, 0, 1, 0, 0, 0, 1, 0, 0, 3, 2, 0, 0, 1, 1, 3, 0, 1, 3, 0, 2, 2, 0
2010-09-20T01:04:18.238+0200, 0, 1, 1, 1, 3, 0, 5, 2, 2, 2, 3, 0, 0, 3, 0, 1, 1, 3, 2, 0, 0, 0, 3, 2
2010-09-21T00:27:40.498+0200, 3, 2, 0, 2, 2, 3, 0, 1, 5, 3, 2, 2, 0, 2, 0, 0, 1, 1, 1, 1, 3, 0, 3, 0
2010-09-22T00:32:48.919+0200, 2, 2, 2, 2, 0, 2, 2, 0, 3, 0, 0, 4, 0, 0, 1, 4, 0, 1, 1, 6, 0, 1, 1, 3
2010-09-23T02:32:13.344+0200, 0, 0, 1, 1, 4, 0, 3, 0, 3, 0, 0, 1, 0, 1, 5, 2, 2, 3, 0, 1, 1, 3, 4, 0
2010-09-24T00:42:31.955+0200, 2, 0, 0, 2, 0, 1, 0, 1, 3, 2, 0, 1, 4, 0, 1, 1, 1, 0, 3, 2, 0, 2, 0, 0
2010-09-25T00:26:06.764+0200, 2, 2, 0, 3, 2, 2, 2, 0, 0, 0, 1, 0, 0, 4, 0, 2, 0, 2, 0, 3, 0, 0, 0, 3
2010-09-26T00:31:15.689+0200, 3, 0, 5, 2, 0, 0, 3, 0, 3, 2, 2, 0, 3, 0, 0, 3, 2, 0, 0, 0, 1, 1, 0, 3
2010-09-27T02:12:06.246+0200, 0, 0, 2, 0, 0, 2, 0, 1, 1, 5, 2, 0, 1, 3, 2, 2, 0, 3, 0, 2, 0, 0, 4, 4
2010-09-28T00:07:04.272+0200, 3, 3, 0, 1, 1, 0, 5, 2, 0, 0, 0, 0, 0, 3, 2, 0, 3, 0, 2, 0, 4, 0, 0, 0
2010-09-29T00:06:26.572+0200, 3, 0, 0, 4, 2, 0, 1, 1, 1, 0, 4, 0, 3, 0, 0, 0, 3, 2, 5, 2, 0, 0, 3, 0
2010-09-30T01:01:01.775+0200, 0, 5, 0, 0, 0, 3, 2, 3, 2, 0, 0, 3, 0, 0, 2, 0, 1, 1, 0, 1, 1, 0, 1, 3
2010-10-01T01:06:50.879+0200, 0, 1, 1, 1, 3, 3, 0, 3, 3, 2, 2, 0, 0, 4, 0, 1, 0, 3, 2, 4, 2, 5, 0, 0
2010-10-02T01:00:47.459+0200, 0, 3, 0, 2, 0, 3, 0, 3, 3, 2, 0, 6, 3, 2, 0, 1, 3, 2, 3, 0, 1, 3, 3, 0
2010-10-03T03:16:31.708+0200, 0, 0, 0, 1, 0, 1, 1, 0, 3, 2, 3, 0, 0, 1, 1, 0, 0, 4, 3, 0, 0, 0, 1, 4
2010-10-04T03:20:50.473+0200, 0, 0, 0, 1, 4, 0, 1, 3, 0, 4, 0, 0, 1, 3, 0, 3, 2, 2, 0, 4, 0, 0, 3, 4
2010-10-05T03:57:07.991+0200, 0, 0, 0, 2, 2, 2, 4, 2, 3, 0, 3, 0, 2, 0, 1, 3, 3, 2, 3, 0, 0, 0, 0, 4
2010-10-06T02:28:28.561+0200, 0, 0, 3, 3, 3, 0, 0, 3, 0, 0, 6, 3, 2, 0, 0, 1, 1, 0, 3, 3, 0, 0, 1, 1
2010-10-07T00:09:55.230+0200, 1, 3, 3, 3, 3, 0, 1, 4, 0, 1, 3, 3, 2, 0, 2, 0, 1, 1, 3, 0, 0, 0, 0, 3
2010-10-08T00:11:22.102+0200, 5, 0, 0, 3, 2, 0, 3, 2, 0, 0, 3, 0, 0, 1, 1, 0, 4, 0, 1, 1, 0, 3, 3, 0
2010-10-09T00:12:07.897+0200, 2, 0, 1, 3, 0, 0, 0, 1, 3, 0, 1, 4, 0, 3, 0, 0, 0, 1, 3, 3, 2, 0, 2, 0
2010-10-10T00:57:04.178+0200, 1, 0, 1, 3, 0, 1, 3, 7, 0, 0, 2, 0, 4, 2, 0, 3, 0, 0, 1, 1, 1, 4, 0, 3
2010-10-11T01:15:18.692+0200, 0, 3, 0, 3, 0, 0, 1, 3, 4, 2, 0, 1, 3, 2, 0, 0, 5, 0, 0, 1, 0, 1, 0, 0
2010-10-12T00:54:41.690+0200, 1, 3, 2, 5, 2, 0, 3, 3, 2, 0, 0, 0, 4, 0, 0, 2, 0, 5, 0, 0, 3, 0, 0, 5
2010-10-13T01:16:21.304+0200, 0, 1, 1, 3, 2, 0, 4, 2, 0, 1, 4, 0, 1, 3, 0, 0, 1, 1, 4, 3, 2, 2, 0, 1
2010-10-14T00:31:35.572+0200, 3, 3, 2, 0, 1, 1, 0, 1, 0, 1, 4, 3, 0, 1, 3, 2, 0, 0, 3, 0, 0, 1, 1, 3
2010-10-15T03:09:21.646+0200, 0, 0, 0, 3, 3, 0, 3, 0, 0, 0, 0, 1, 7, 0, 1, 1, 5, 0, 2, 5, 0, 4, 2, 0
2010-10-16T00:59:48.760+0200, 1, 1, 0, 0, 1, 1, 3, 0, 3, 0, 0, 3, 0, 3, 2, 0, 4, 0, 3, 3, 0, 3, 2, 3
2010-10-17T01:49:48.339+0200, 0, 3, 0, 2, 2, 0, 0, 2, 0, 0, 0, 0, 5, 0, 4, 0, 3, 2, 0, 5, 0, 2, 2, 0
2010-10-18T00:20:56.543+0200, 1, 3, 2, 0, 3, 0, 3, 0, 1, 3, 0, 2, 2, 0, 0, 4, 0, 2, 2, 0, 1, 0, 4, 0
2010-10-19T00:03:55.235+0200, 3, 2, 0, 3, 2, 0, 2, 0, 4, 0, 0, 1, 3, 3, 0, 1, 0, 1, 0, 3, 3, 0, 1, 0
2010-10-20T00:14:41.372+0200, 1, 3, 0, 3, 2, 2, 0, 1, 1, 1, 0, 3, 2, 0, 1, 1, 3, 0, 0, 1, 3, 2, 0, 0
2010-10-21T00:32:06.216+0200, 3, 4, 0, 0, 1, 0, 0, 1, 0, 3, 0, 0, 3, 4, 0, 3, 2, 0, 1, 0, 4, 0, 3, 2
2010-10-22T01:35:39.141+0200, 0, 1, 3, 3, 0, 3, 4, 0, 0, 1, 0, 5, 0, 0, 1, 3, 0, 0, 0, 0, 1, 1, 0, 5
2010-10-23T02:02:53.819+0200, 0, 0, 3, 0, 0, 4, 0, 1, 7, 4, 0, 0, 1, 4, 4, 0, 1, 3, 0, 3, 0, 3, 2, 4
2010-10-24T00:26:35.433+0200, 2, 0, 3, 3, 0, 1, 0, 1, 1, 1, 4, 2, 0, 1, 0, 6, 3, 0, 1, 1, 0, 1, 3, 0
2010-10-25T01:56:27.039+0200, 0, 2, 4, 0, 3, 0, 0, 3, 5, 0, 4, 3, 0, 3, 0, 2, 0, 1, 0, 3, 0, 1, 4, 0
2010-10-26T00:12:36.704+0200, 1, 1, 0, 5, 0, 3, 0, 4, 4, 3, 0, 0, 3, 0, 1, 1, 3, 2, 0, 1, 3, 0, 2, 4
2010-10-27T01:10:03.365+0200, 0, 1, 0, 3, 4, 0, 0, 0, 0, 1, 5, 0, 0, 1, 0, 0, 4, 2, 0, 4, 0, 0, 1, 0
2010-10-28T00:26:14.935+0200, 3, 0, 0, 6, 0, 5, 0, 2, 0, 1, 3, 0, 3, 0, 5, 2, 4, 2, 0, 1, 0, 0, 1, 3
2010-10-29T01:15:03.812+0200, 0, 1, 4, 0, 2, 2, 3, 0, 1, 1, 3, 0, 0, 3, 3, 0, 2, 3, 0, 3, 2, 3, 0, 2
2010-10-30T01:57:50.546+0200, 0, 2, 3, 5, 0, 3, 0, 0, 5, 3, 2, 0, 1, 4, 2, 0, 4, 3, 2, 0, 0, 0, 4, 0
2010-10-31T00:49:20.941+0200, 1, 6, 4, 2, 0, 0, 5, 0, 3, 4, 2, 0, 1, 3, 0, 1, 3, 0, 0, 1, 3, 0, 0, 0
2010-11-01T00:15:45.738+0100, 4, 0, 3, 0, 3, 3, 0, 0, 3, 4, 0, 1, 5, 0, 1, 1, 3, 3, 2, 2, 0, 0, 3, 0
2010-11-02T00:40:45.937+0100, 3, 0, 3, 0, 1, 1, 5, 2, 0, 0, 1, 1, 1, 1, 0, 0, 3, 0, 3, 0, 0, 0, 1, 3
2010-11-03T00:23:39.249+0100, 3, 2, 0, 5, 2, 0, 3, 0, 3, 0, 1, 1, 1, 4, 3, 0, 3, 2, 0, 0, 3, 0, 0, 0
2010-11-04T01:17:08.652+0100, 0, 4, 0, 0, 1, 0, 4, 3, 0, 3, 2, 2, 6, 0, 5, 3, 2, 0, 3, 0, 3, 0, 6, 0
2010-11-05T01:02:08.435+0100, 0, 7, 0, 2, 2, 0, 0, 4, 3, 0, 5, 0, 4, 2, 4, 0, 0, 0, 1, 3, 3, 0, 0, 3
2010-11-06T00:51:57.848+0100, 2, 2, 4, 0, 1, 0, 3, 3, 3, 0, 0, 2, 0, 3, 0, 0, 0, 1, 3, 0, 0, 0, 0, 3
2010-11-07T02:09:48.133+0100, 0, 0, 3, 3, 2, 3, 0, 3, 0, 2, 0, 0, 5, 0, 0, 0, 0, 0, 3, 0, 2, 0, 3, 4
2010-11-08T01:11:27.675+0100, 0, 4, 3, 0, 4, 3, 2, 2, 0, 1, 0, 0, 4, 0, 0, 0, 2, 2, 3, 0, 4, 2, 0, 3
2010-11-09T00:40:38.747+0100, 4, 3, 2, 0, 0, 1, 5, 0, 3, 4, 3, 2, 3, 3, 0, 0, 0, 0, 4, 2, 2, 0, 0, 1
2010-11-10T00:33:58.598+0100, 4, 0, 1, 3, 2, 0, 3, 2, 0, 2, 6, 2, 4, 2, 2, 3, 2, 0, 4, 3, 2, 4, 3, 3
2010-11-11T02:35:03.966+0100, 0, 0, 1, 1, 4, 0, 3, 2, 0, 4, 3, 2, 2, 0, 5, 0, 1, 3, 0, 2, 0, 2, 0, 4
2010-11-12T03:53:37.050+0100, 0, 0, 0, 2, 2, 2, 0, 1, 0, 0, 3, 0, 1, 4, 3, 0, 4, 2, 0, 3, 4, 2, 0, 4
2010-11-13T01:06:55.494+0100, 0, 3, 0, 0, 3, 0, 0, 4, 2, 0, 3, 0, 0, 1, 5, 0, 3, 3, 0, 1, 3, 2, 3, 4
2010-11-14T02:36:04.671+0100, 0, 0, 1, 1, 4, 2, 3, 0, 0, 5, 2, 4, 3, 2, 3, 3, 0, 0, 2, 2, 0, 4, 0, 0
2010-11-15T00:32:46.434+0100, 4, 3, 3, 0, 0, 4, 3, 0, 4, 0, 3, 0, 3, 0, 0, 0, 3, 3, 0, 0, 3, 4, 3, 0
2010-11-16T02:31:18.983+0100, 0, 0, 1, 1, 3, 0, 0, 2, 3, 2, 2, 0, 4, 2, 0, 1, 0, 3, 0, 1, 3, 2, 0, 3
2010-11-17T00:34:17.540+0100, 2, 2, 2, 0, 1, 0, 1, 3, 0, 1, 0, 3, 0, 0, 3, 0, 0, 0, 1, 0, 3, 0, 0, 0
2010-11-18T00:10:03.381+0100, 5, 3, 0, 3, 0, 5, 2, 2, 0, 1, 0, 1, 5, 2, 3, 2, 2, 4, 0, 0, 0, 1, 4, 0
2010-11-19T01:05:27.925+0100, 0, 1, 0, 3, 3, 0, 1, 1, 3, 3, 3, 2, 2, 0, 3, 0, 4, 0, 4, 2, 3, 0, 3, 3
2010-11-20T03:15:39.318+0100, 0, 0, 0, 4, 0, 0, 3, 0, 0, 3, 0, 0, 3, 0, 3, 2, 2, 3, 0, 2, 2, 0, 2, 5
2010-11-21T00:43:10.686+0100, 2, 0, 0, 1, 4, 0, 1, 3, 0, 0, 0, 0, 1, 4, 2, 2, 5, 0, 5, 3, 5, 0, 4, 2
2010-11-22T01:15:42.890+0100, 0, 3, 0, 3, 2, 2, 3, 0, 0, 1, 0, 1, 4, 0, 1, 1, 3, 2, 0, 1, 3, 0, 0, 4
2010-11-23T03:00:45.763+0100, 0, 0, 0, 4, 0, 2, 0, 3, 2, 0, 0, 3, 0, 0, 0, 0, 2, 0, 0, 5, 0, 4, 0, 0
2010-11-24T00:18:32.080+0100, 4, 2, 0, 0, 3, 2, 0, 0, 2, 3, 0, 1, 1, 5, 0, 3, 0, 4, 2, 3, 2, 0, 0, 0
2010-11-25T01:08:23.976+0100, 0, 4, 0, 3, 0, 0, 1, 3, 0, 2, 2, 6, 2, 0, 0, 3, 4, 0, 2, 0, 0, 1, 1, 0
2010-11-26T00:02:42.626+0100, 3, 4, 0, 4, 3, 3, 0, 6, 2, 2, 2, 0, 1, 1, 4, 0, 2, 0, 1, 1, 1, 5, 2, 2
2010-11-27T00:39:15.162+0100, 2, 0, 4, 2, 0, 3, 2, 3, 2, 2, 2, 0, 0, 1, 1, 3, 0, 0, 3, 0, 4, 0, 4, 0
2010-11-28T00:25:34.307+0100, 3, 0, 3, 2, 0, 4, 0, 0, 1, 6, 3, 0, 3, 2, 2, 3, 0, 3, 0, 1, 3, 4, 2, 4
2010-11-29T00:33:14.840+0100, 3, 4, 2, 2, 3, 2, 0, 0, 1, 5, 2, 0, 4, 4, 0, 5, 4, 2, 3, 0, 3, 2, 0, 0
2010-11-30T00:12:22.563+0100, 3, 3, 4, 3, 0, 0, 1, 1, 5, 3, 0, 1, 0, 3, 2, 0, 4, 0, 1, 3, 0, 5, 2, 2
2010-12-01T00:43:58.672+0100, 3, 2, 4, 0, 1, 3, 0, 3, 0, 3, 2, 0, 3, 2, 3, 4, 0, 0, 4, 2, 0, 3, 2, 0
2010-12-02T00:57:20.330+0100, 2, 2, 2, 5, 2, 0, 0, 4, 2, 5, 0, 0, 1, 3, 3, 0, 2, 3, 3, 0, 0, 3, 2, 0
2010-12-03T00:35:33.440+0100, 2, 4, 0, 3, 3, 4, 0, 4, 0, 4, 2, 0, 0, 0, 1, 3, 2, 0, 1, 3, 0, 4, 3, 2
2010-12-04T01:13:43.550+0100, 0, 3, 4, 2, 3, 4, 0, 0, 3, 2, 0, 1, 3, 4, 0, 5, 3, 0, 2, 0, 0, 3, 3, 0
2010-12-05T01:08:52.861+0100, 0, 5, 2, 0, 0, 1, 4, 0, 0, 0, 3, 0, 5, 0, 4, 2, 0, 3, 0, 0, 1, 3, 0, 4
2010-12-06T01:00:32.375+0100, 0, 4, 0, 0, 2, 4, 2, 3, 0, 5, 2, 2, 0, 1, 1, 0, 0, 4, 6, 0, 7, 0, 5, 3
2010-12-07T01:23:47.466+0100, 0, 3, 3, 3, 3, 0, 3, 0, 3, 2, 2, 2, 2, 0, 0, 3, 3, 0, 2, 0, 3, 4, 3, 2
2010-12-08T00:21:54.309+0100, 4, 4, 0, 1, 3, 3, 0, 4, 0, 3, 0, 1, 1, 4, 0, 3, 0, 5, 2, 0, 2, 2, 4, 5
2010-12-09T01:18:35.346+0100, 0, 4, 0, 0, 3, 2, 5, 3, 0, 1, 3, 2, 2, 4, 4, 3, 3, 0, 3, 0, 0, 0, 0, 5
2010-12-10T02:06:26.968+0100, 0, 0, 5, 0, 0, 4, 4, 2, 0, 3, 0, 1, 3, 5, 0, 3, 0, 4, 3, 0, 1, 4, 0, 0
2010-12-11T00:18:24.139+0100, 1, 8, 2, 3, 0, 4, 3, 0, 0, 0, 0, 5, 0, 1, 1, 4, 2, 3, 2, 0, 0, 3, 2, 3
2010-12-12T01:34:17.961+0100, 0, 3, 0, 2, 0, 5, 2, 3, 2, 0, 2, 0, 0, 1, 3, 2, 0, 3, 0, 4, 2, 2, 3, 2
2010-12-13T00:18:31.435+0100, 4, 2, 2, 3, 0, 5, 3, 2, 2, 6, 0, 4, 0, 8, 0, 0, 2, 0, 2, 3, 0, 0, 3, 4
2010-12-14T00:17:41.515+0100, 4, 2, 0, 3, 0, 1, 4, 2, 3, 0, 3, 3, 5, 2, 3, 0, 0, 1, 5, 0, 2, 0, 0, 4
2010-12-15T00:15:17.247+0100, 4, 2, 0, 3, 2, 0, 0, 6, 0, 1, 1, 0, 1, 1, 6, 3, 2, 0, 3, 2, 2, 4, 0, 3
2010-12-16T01:20:10.934+0100, 0, 3, 4, 0, 0, 2, 3, 3, 5, 0, 3, 2, 2, 3, 3, 2, 0, 0, 2, 3, 2, 3, 3, 3
2010-12-17T00:35:27.813+0100, 4, 0, 0, 0, 4, 2, 2, 0, 3, 5, 6, 4, 0, 4, 2, 0, 0, 3, 0, 3, 2, 3, 2, 0
2010-12-18T00:14:30.878+0100, 4, 2, 3, 2, 0, 5, 0, 1, 3, 2, 0, 1, 5, 2, 2, 0, 3, 2, 3, 0, 1, 3, 2, 2
2010-12-19T00:18:36.750+0100, 5, 4, 3, 3, 2, 2, 0, 1, 5, 0, 1, 4, 0, 0, 1, 1, 4, 0, 3, 2, 0, 3, 2, 3
2010-12-20T01:06:11.307+0100, 0, 3, 2, 4, 2, 4, 5, 0, 3, 0, 3, 0, 3, 3, 0, 3, 2, 0, 0, 3, 0, 1, 3, 0
2010-12-21T00:08:40.800+0100, 2, 4, 2, 2, 3, 0, 1, 1, 4, 2, 0, 2, 0, 6, 3, 4, 3, 5, 0, 2, 2, 2, 0, 2
2010-12-22T01:33:23.141+0100, 0, 3, 4, 0, 5, 0, 3, 0, 0, 0, 1, 1, 1, 1, 0, 1, 3, 2, 3, 2, 2, 2, 2, 0
2010-12-23T01:00:35.647+0100, 0, 5, 0, 0, 3, 0, 1, 5, 2, 0, 1, 1, 4, 3, 2, 2, 0, 5, 4, 0, 2, 0, 1, 3
2010-12-24T01:02:26.449+0100, 0, 6, 0, 0, 1, 1, 3, 3, 2, 0, 3, 4, 4, 0, 0, 3, 3, 2, 2, 0, 1, 3, 4, 0
2010-12-25T00:50:50.249+0100, 6, 4, 4, 2, 1, 0, 3, 2, 4, 0, 1, 3, 0, 0, 3, 3, 3, 1, 4, 2, 1, 1, 1, 1
2010-12-27T00:25:36.328+0100, 3, 0, 3, 0, 0, 2, 4, 0, 2, 2, 0, 0, 3, 0, 4, 0, 1, 0, 5, 0, 2, 0, 1, 0
2010-12-28T00:53:43.479+0100, 1, 4, 0, 2, 0, 0, 2, 0, 0, 4, 0, 4, 0, 3, 0, 3, 0, 2, 2, 0, 0, 0, 4, 2
2010-12-29T01:21:08.351+0100, 0, 3, 2, 6, 4, 2, 0, 1, 1, 3, 2, 3, 2, 0, 3, 0, 0, 0, 1, 4, 0, 3, 2, 2
2010-12-30T01:52:39.585+0100, 0, 2, 3, 0, 0, 0, 0, 0, 1, 1, 3, 0, 3, 2, 3, 2, 2, 0, 0, 3, 2, 2, 0, 1
2010-12-31T00:11:01.610+0100, 1, 1, 0, 4, 2, 3, 0, 0, 0, 0, 0, 3, 0, 2, 0, 3, 0, 0, 1, 0, 1, 1, 0, 1
2011-01-01T00:16:01.385+0100, 3, 0, 3, 0, 0, 0, 3, 4, 2, 0, 5, 4, 0, 0, 3, 2, 3, 0, 0, 1, 0, 6, 0, 3
2011-01-02T01:24:44.940+0100, 0, 2, 0, 0, 1, 1, 1, 5, 0, 0, 0, 1, 3, 2, 2, 3, 2, 2, 0, 0, 0, 1, 3, 0
2011-01-03T02:08:13.137+0100, 0, 0, 3, 2, 0, 3, 0, 3, 0, 0, 0, 4, 0, 0, 3, 2, 3, 2, 2, 2, 0, 0, 3, 0
2011-01-04T01:48:37.144+0100, 0, 3, 0, 0, 1, 3, 0, 0, 1, 0, 1, 0, 4, 0, 0, 0, 1, 1, 4, 0, 0, 0, 1, 3
2011-01-05T01:05:32.218+0100, 0, 1, 0, 1, 3, 2, 2, 0, 1, 1, 0, 0, 1, 1, 1, 3, 2, 0, 0, 0, 1, 3, 0, 0
2011-01-06T02:01:33.751+0100, 0, 0, 4, 2, 0, 2, 2, 0, 0, 0, 0, 3, 0, 0, 4, 0, 5, 0, 1, 1, 1, 0, 0, 3
2011-01-07T03:46:18.298+0100, 0, 0, 0, 3, 0, 0, 1, 1, 1, 1, 3, 0, 1, 3, 3, 0, 1, 1, 0, 1, 0, 1, 6, 3
2011-01-08T00:43:50.968+0100, 2, 4, 0, 0, 0, 0, 1, 0, 3, 0, 3, 0, 0, 3, 0, 1, 1, 1, 3, 2, 0, 0, 0, 1
2011-01-09T00:25:14.845+0100, 4, 0, 5, 0, 0, 1, 3, 2, 3, 0, 6, 0, 5, 2, 0, 0, 0, 1, 0, 4, 2, 0, 3, 2
2011-01-10T01:45:00.751+0100, 0, 3, 3, 0, 4, 0, 3, 0, 3, 0, 3, 0, 3, 0, 2, 0, 1, 5, 0, 0, 0, 7, 4, 0
2011-01-11T01:45:23.171+0100, 0, 3, 0, 0, 0, 0, 3, 2, 0, 0, 3, 0, 0, 2, 0, 1, 3, 3, 0, 0, 4, 2, 0, 0
2011-01-12T00:58:02.730+0100, 1, 3, 0, 0, 0, 1, 0, 3, 2, 0, 2, 0, 1, 6, 2, 2, 0, 1, 1, 1, 3, 0, 0, 0
2011-01-13T00:47:18.778+0100, 1, 1, 0, 4, 3, 3, 0, 1, 1, 3, 3, 0, 0, 2, 0, 2, 4, 0, 0, 3, 0, 4, 0, 0
2011-01-14T00:18:05.212+0100, 3, 4, 0, 0, 4, 2, 3, 2, 2, 2, 3, 3, 0, 0, 2, 0, 3, 0, 3, 0, 3, 0, 0, 3
2011-01-15T01:12:54.797+0100, 0, 5, 4, 2, 0, 1, 1, 1, 3, 0, 2, 0, 0, 0, 1, 1, 0, 4, 2, 0, 1, 4, 0, 0
2011-01-16T00:20:42.800+0100, 6, 2, 0, 3, 0, 0, 3, 0, 0, 4, 0, 2, 2, 2, 0, 1, 4, 0, 3, 2, 2, 2, 0, 0
2011-01-17T00:00:24.971+0100, 4, 0, 0, 0, 0, 0, 1, 3, 0, 3, 0, 3, 0, 4, 0, 0, 0, 3, 2, 2, 0, 2, 2, 0
2011-01-18T00:16:27.444+0100, 4, 0, 4, 2, 0, 3, 0, 0, 4, 0, 3, 0, 0, 0, 1, 1, 1, 3, 0, 3, 3, 0, 3, 0
2011-01-19T00:53:58.552+0100, 2, 0, 1, 3, 0, 4, 2, 2, 2, 0, 5, 0, 4, 4, 2, 2, 4, 0, 0, 2, 3, 3, 2, 0
2011-01-20T00:03:30.630+0100, 4, 0, 3, 2, 2, 0, 1, 4, 4, 0, 0, 1, 9, 0, 3, 2, 2, 0, 4, 0, 3, 0, 0, 1
2011-01-21T01:11:03.440+0100, 0, 3, 0, 1, 1, 4, 0, 1, 1, 4, 0, 3, 0, 5, 0, 3, 0, 0, 3, 2, 0, 0, 4, 3
2011-01-22T00:30:10.623+0100, 5, 0, 1, 1, 4, 0, 0, 5, 0, 0, 3, 0, 0, 4, 0, 0, 1, 3, 2, 0, 5, 0, 2, 3
2011-01-23T01:32:13.134+0100, 0, 3, 4, 4, 0, 1, 0, 0, 3, 0, 3, 0, 3, 0, 4, 2, 5, 0, 0, 5, 2, 4, 0, 4
2011-01-24T01:56:55.143+0100, 0, 1, 4, 5, 3, 0, 1, 3, 5, 0, 1, 4, 0, 3, 4, 5, 0, 0, 4, 0, 3, 0, 4, 0
2011-01-25T00:30:52.104+0100, 3, 2, 2, 2, 0, 1, 5, 0, 4, 2, 3, 4, 2, 4, 0, 1, 3, 4, 0, 1, 4, 2, 3, 3
2011-01-26T00:34:27.041+0100, 2, 3, 2, 2, 3, 2, 2, 0, 4, 3, 0, 3, 0, 4, 0, 2, 4, 0, 5, 3, 0, 3, 2, 2
2011-01-27T01:40:51.036+0100, 0, 4, 3, 0, 4, 0, 4, 2, 0, 5, 0, 2, 3, 4, 2, 2, 0, 0, 5, 0, 0, 6, 2, 5
2011-01-28T01:46:33.933+0100, 0, 3, 4, 4, 2, 2, 0, 4, 0, 6, 0, 1, 4, 3, 0, 0, 0, 3, 3, 0, 3, 3, 2, 3
2011-01-29T01:48:15.824+0100, 0, 1, 4, 2, 0, 2, 0, 0, 4, 0, 0, 4, 0, 0, 4, 3, 3, 4, 2, 0, 2, 2, 5, 3
2011-01-30T00:29:22.623+0100, 2, 0, 3, 2, 0, 0, 1, 5, 0, 0, 5, 3, 0, 5, 0, 2, 5, 0, 3, 2, 2, 0, 1, 5
2011-01-31T00:09:41.599+0100, 4, 0, 5, 0, 3, 0, 0, 1, 3, 0, 3, 3, 0, 0, 3, 3, 4, 4, 3, 2, 3, 3, 2, 3
2011-02-01T00:30:12.595+0100, 2, 0, 4, 2, 4, 2, 3, 0, 5, 5, 0, 4, 4, 0, 3, 0, 3, 0, 1, 1, 3, 4, 0, 4
2011-02-02T00:24:17.943+0100, 3, 0, 3, 2, 0, 5, 6, 3, 0, 0, 6, 2, 2, 0, 3, 2, 0, 5, 3, 2, 4, 2, 0, 3
2011-02-03T00:46:28.479+0100, 2, 0, 1, 1, 7, 0, 4, 2, 3, 0, 4, 0, 3, 2, 2, 2, 3, 0, 5, 0, 5, 2, 0, 4
2011-02-04T01:38:34.983+0100, 0, 2, 4, 0, 3, 0, 4, 0, 1, 1, 1, 1, 1, 3, 3, 0, 0, 1, 3, 2, 0, 0, 0, 1
2011-02-05T01:28:53.180+0100, 0, 4, 0, 0, 1, 4, 4, 2, 3, 3, 0, 3, 0, 5, 2, 0, 0, 1, 0, 0, 0, 3, 2, 3
2011-02-06T00:55:48.954+0100, 3, 2, 3, 2, 0, 1, 3, 3, 4, 0, 1, 3, 4, 0, 1, 3, 2, 2, 5, 0, 0, 3, 2, 3
2011-02-07T01:16:51.875+0100, 0, 3, 5, 0, 1, 1, 6, 0, 0, 5, 3, 3, 3, 0, 5, 0, 0, 3, 0, 5, 0, 3, 4, 2
2011-02-08T00:56:58.693+0100, 2, 0, 1, 1, 1, 3, 2, 2, 2, 2, 0, 3, 0, 4, 2, 0, 3, 0, 2, 2, 0, 0, 7, 0
2011-02-09T00:58:57.472+0100, 2, 0, 3, 2, 5, 0, 1, 1, 5, 0, 3, 0, 1, 4, 2, 2, 2, 0, 1, 4, 3, 0, 5, 2
2011-02-10T00:12:12.925+0100, 2, 3, 2, 0, 5, 2, 0, 6, 2, 0, 4, 3, 3, 0, 4, 2, 0, 4, 3, 4, 4, 0, 4, 2
2011-02-11T04:10:22.510+0100, 0, 0, 0, 0, 3, 0, 6, 2, 2, 5, 0, 1, 4, 0, 5, 3, 4, 4, 5, 3, 3, 4, 4, 0
2011-02-12T00:01:09.002+0100, 5, 0, 3, 3, 3, 3, 3, 0, 2, 2, 0, 5, 2, 3, 2, 8, 0, 7, 4, 2, 0, 1, 5, 5
2011-02-13T00:18:58.355+0100, 3, 3, 0, 4, 3, 0, 6, 3, 0, 1, 4, 2, 4, 0, 0, 6, 0, 3, 2, 3, 4, 0, 7, 0
2011-02-14T00:21:30.561+0100, 5, 5, 3, 3, 8, 2, 2, 3, 2, 0, 3, 0, 1, 1, 1, 5, 2, 4, 2, 3, 2, 3, 3, 2
2011-02-15T00:12:32.767+0100, 4, 0, 4, 3, 4, 0, 4, 4, 2, 4, 2, 0, 1, 3, 4, 0, 3, 3, 0, 0, 4, 0, 3, 5
2011-02-16T01:29:31.197+0100, 0, 4, 3, 4, 3, 2, 5, 0, 0, 3, 0, 4, 2, 5, 0, 3, 2, 2, 2, 0, 4, 3, 0, 3
2011-02-17T01:26:29.493+0100, 0, 5, 0, 3, 0, 3, 3, 2, 3, 3, 2, 2, 2, 0, 0, 5, 4, 2, 4, 0, 1, 3, 2, 0
2011-02-18T00:10:59.865+0100, 3, 3, 0, 3, 0, 3, 3, 0, 3, 3, 3, 0, 4, 3, 3, 2, 4, 3, 2, 2, 3, 2, 3, 0
2011-02-19T00:57:09.710+0100, 3, 2, 2, 2, 0, 3, 2, 0, 3, 0, 4, 0, 1, 3, 2, 3, 3, 0, 4, 2, 3, 2, 3, 2
2011-02-20T00:40:03.180+0100, 2, 5, 2, 0, 2, 3, 0, 3, 5, 4, 3, 0, 2, 0, 1, 1, 5, 2, 3, 4, 0, 0, 0, 3
2011-02-21T00:33:29.566+0100, 2, 2, 0, 0, 4, 4, 0, 3, 3, 0, 3, 0, 0, 1, 1, 0, 0, 3, 2, 3, 3, 4, 5, 0
2011-02-22T00:17:52.776+0100, 1, 4, 4, 0, 5, 0, 3, 4, 4, 6, 0, 4, 6, 2, 4, 0, 0, 4, 4, 3, 4, 2, 3, 6
2011-02-23T01:40:50.908+0100, 0, 2, 0, 3, 0, 0, 3, 0, 2, 0, 3, 4, 0, 1, 1, 7, 0, 0, 1, 4, 0, 0, 1, 1
2011-02-24T00:12:47.496+0100, 5, 2, 4, 0, 5, 0, 4, 0, 3, 0, 1, 5, 0, 5, 0, 7, 0, 5, 0, 4, 4, 5, 0, 2
2011-02-25T00:14:34.415+0100, 2, 0, 3, 0, 0, 2, 4, 4, 0, 5, 2, 2, 0, 3, 4, 4, 3, 3, 0, 0, 3, 0, 6, 4
2011-02-26T00:44:02.654+0100, 3, 2, 0, 5, 0, 1, 5, 3, 0, 3, 0, 3, 3, 5, 0, 4, 2, 3, 0, 4, 0, 0, 1, 3
2011-02-27T00:08:37.767+0100, 3, 3, 4, 2, 2, 0, 1, 6, 0, 3, 3, 2, 0, 0, 6, 4, 5, 3, 6, 2, 2, 5, 0, 4
2011-02-28T00:51:19.771+0100, 2, 4, 0, 0, 0, 1, 5, 3, 3, 5, 0, 3, 3, 0, 8, 0, 4, 0, 3, 2, 2, 2, 2, 0
2011-03-01T00:08:03.710+0100, 1, 4, 4, 4, 6, 0, 3, 0, 1, 3, 0, 3, 7, 2, 5, 3, 2, 0, 0, 3, 0, 1, 5, 3
2011-03-02T00:51:21.184+0100, 3, 3, 0, 5, 4, 3, 0, 6, 4, 2, 3, 3, 2, 2, 4, 3, 3, 0, 4, 3, 2, 2, 3, 6
2011-03-03T02:44:34.167+0100, 0, 0, 4, 0, 3, 4, 2, 0, 1, 4, 2, 5, 0, 3, 2, 3, 3, 5, 3, 2, 5, 2, 2, 3
2011-03-04T00:16:14.919+0100, 5, 0, 1, 4, 3, 0, 3, 3, 0, 2, 2, 2, 3, 3, 0, 3, 0, 1, 1, 3, 3, 4, 3, 2
2011-03-05T00:40:46.238+0100, 2, 6, 4, 0, 3, 0, 5, 5, 3, 3, 3, 0, 5, 6, 0, 3, 4, 0, 0, 6, 0, 0, 3, 4
2011-03-06T00:35:28.287+0100, 3, 4, 2, 3, 2, 4, 2, 2, 3, 0, 6, 2, 0, 1, 3, 4, 3, 3, 4, 0, 0, 4, 2, 0
2011-03-07T00:32:43.416+0100, 5, 6, 2, 4, 0, 3, 4, 3, 3, 4, 4, 4, 6, 6, 2, 3, 3, 8, 2, 2, 0, 3, 2, 3
2011-03-08T00:02:53.779+0100, 4, 3, 0, 1, 5, 2, 0, 4, 4, 0, 1, 1, 0, 5, 2, 0, 5, 3, 7, 0, 3, 4, 0, 4
2011-03-09T00:49:01.207+0100, 2, 0, 4, 2, 3, 5, 4, 5, 3, 0, 6, 3, 3, 0, 3, 5, 2, 6, 4, 3, 3, 2, 3, 4
2011-03-10T01:07:17.996+0100, 0, 1, 5, 5, 0, 4, 0, 3, 4, 6, 0, 7, 3, 2, 2, 2, 5, 4, 0, 0, 0, 4, 2, 2
2011-03-11T00:45:11.354+0100, 5, 3, 6, 2, 3, 3, 5, 2, 3, 0, 5, 0, 2, 4, 3, 0, 4, 0, 8, 4, 0, 4, 6, 0
2011-03-12T01:46:21.828+0100, 0, 4, 2, 0, 0, 1, 5, 4, 3, 0, 3, 3, 3, 0, 4, 3, 0, 3, 3, 5, 4, 2, 4, 3
2011-03-13T01:03:42.478+0100, 0, 1, 3, 3, 5, 4, 5, 3, 2, 0, 5, 4, 3, 3, 3, 3, 3, 2, 3, 2, 4, 5, 2, 0
2011-03-14T00:25:26.628+0100, 2, 2, 0, 5, 0, 7, 4, 0, 7, 3, 2, 5, 2, 2, 4, 3, 3, 5, 7, 2, 3, 5, 4, 3
2011-03-15T00:29:22.372+0100, 4, 4, 2, 5, 3, 3, 0, 6, 3, 2, 2, 2, 4, 3, 2, 6, 0, 5, 0, 0, 4, 3, 3, 0
2011-03-16T00:16:59.683+0100, 4, 0, 1, 5, 3, 0, 4, 4, 4, 5, 3, 0, 4, 3, 3, 0, 4, 3, 5, 2, 4, 4, 6, 3
2011-03-17T00:41:00.400+0100, 2, 0, 4, 0, 2, 5, 2, 3, 3, 0, 1, 3, 2, 4, 6, 0, 3, 4, 2, 4, 6, 3, 0, 7
2011-03-18T01:20:03.529+0100, 0, 4, 5, 0, 5, 4, 2, 7, 3, 3, 0, 6, 4, 2, 3, 5, 0, 6, 3, 0, 4, 3, 4, 2
2011-03-19T00:12:27.313+0100, 5, 2, 2, 0, 3, 0, 6, 4, 5, 4, 3, 3, 2, 2, 7, 4, 0, 4, 2, 0, 6, 2, 2, 4
2011-03-20T00:21:09.172+0100, 3, 5, 0, 5, 0, 4, 4, 0, 0, 1, 4, 2, 4, 4, 3, 3, 0, 7, 0, 3, 0, 5, 5, 4
2011-03-21T00:46:03.054+0100, 3, 2, 3, 2, 6, 4, 4, 6, 4, 5, 4, 0, 1, 3, 7, 0, 2, 2, 2, 0, 8, 3, 2, 3
2011-03-22T00:11:54.061+0100, 3, 4, 2, 0, 3, 0, 1, 8, 4, 3, 0, 5, 7, 0, 5, 0, 4, 3, 0, 6, 3, 2, 0, 0
2011-03-23T00:14:33.508+0100, 4, 3, 3, 2, 3, 2, 4, 2, 2, 3, 3, 3, 0, 4, 2, 2, 3, 3, 2, 0, 1, 0, 3, 2
2011-03-24T00:30:39.510+0100, 5, 4, 5, 2, 0, 1, 1, 4, 2, 0, 4, 3, 0, 3, 3, 2, 2, 0, 4, 0, 3, 4, 4, 0
2011-03-25T00:30:10.449+0100, 3, 0, 3, 3, 2, 5, 4, 2, 0, 3, 0, 3, 3, 2, 0, 1, 4, 0, 0, 3, 3, 3, 3, 0
2011-03-26T00:28:02.412+0100, 2, 7, 6, 5, 0, 2, 2, 3, 2, 3, 0, 4, 2, 3, 0, 3, 2, 2, 4, 3, 5, 2, 3, 2
2011-03-27T00:27:41.121+0100, 4, 2, 0, 0, 4, 3, 0, 3, 3, 3, 4, 4, 4, 2, 0, 0, 1, 6, 4, 2, 4, 0, 2, 0
2011-03-28T00:02:31.500+0200, 4, 0, 3, 0, 5, 2, 5, 4, 0, 1, 5, 0, 5, 6, 2, 4, 2, 3, 0, 6, 0, 8, 4, 2
2011-03-29T00:50:48.645+0200, 2, 3, 2, 0, 0, 0, 1, 4, 0, 3, 2, 3, 4, 5, 3, 3, 5, 0, 5, 0, 2, 0, 3, 4
2011-03-30T00:33:00.640+0200, 5, 2, 6, 3, 4, 4, 2, 0, 0, 5, 2, 4, 5, 2, 5, 2, 0, 0, 5, 0, 2, 3, 2, 0
2011-03-31T00:41:18.256+0200, 3, 2, 3, 0, 0, 1, 1, 3, 4, 0, 3, 2, 2, 5, 3, 2, 2, 2, 4, 2, 0, 5, 3, 2
2011-04-01T00:21:23.962+0200, 4, 2, 2, 3, 2, 0, 2, 0, 3, 3, 4, 5, 0, 5, 2, 2, 0, 1, 3, 0, 0, 1, 4, 0
2011-04-02T00:26:43.659+0200, 1, 1, 0, 5, 2, 2, 2, 0, 2, 5, 0, 2, 0, 4, 0, 7, 0, 2, 2, 2, 0, 1, 1, 0
2011-04-03T00:00:58.831+0200, 3, 0, 0, 3, 3, 0, 3, 0, 2, 4, 2, 2, 3, 2, 0, 3, 6, 2, 0, 3, 3, 2, 0, 0
2011-04-04T00:10:33.679+0200, 4, 0, 3, 0, 1, 3, 3, 3, 0, 3, 2, 2, 0, 2, 3, 0, 3, 2, 0, 4, 7, 2, 2, 4
2011-04-05T00:14:02.455+0200, 4, 0, 0, 1, 0, 4, 2, 0, 3, 3, 2, 0, 0, 4, 0, 3, 3, 3, 5, 0, 1, 5, 0, 0
2011-04-06T00:38:34.557+0200, 1, 4, 2, 4, 3, 0, 4, 3, 3, 0, 4, 2, 0, 3, 2, 0, 1, 4, 3, 0, 1, 0, 4, 0
2011-04-07T00:35:17.871+0200, 1, 4, 0, 4, 4, 3, 3, 0, 1, 4, 0, 3, 3, 0, 4, 4, 2, 4, 0, 0, 3, 3, 2, 4
2011-04-08T01:34:31.684+0200, 0, 2, 4, 0, 0, 4, 2, 3, 0, 0, 3, 2, 2, 0, 3, 4, 3, 2, 0, 6, 3, 0, 0, 0
2011-04-09T00:39:04.787+0200, 2, 2, 0, 3, 0, 1, 1, 1, 7, 0, 3, 2, 6, 3, 2, 2, 2, 3, 0, 3, 2, 3, 0, 1
2011-04-10T00:59:09.921+0200, 1, 3, 3, 2, 0, 3, 0, 0, 5, 2, 0, 0, 0, 3, 0, 0, 4, 2, 2, 2, 0, 3, 0, 3
2011-04-11T00:08:18.498+0200, 4, 3, 0, 4, 4, 0, 3, 0, 0, 1, 1, 3, 0, 3, 2, 0, 1, 1, 4, 4, 0, 1, 3, 3
2011-04-12T00:57:03.401+0200, 2, 2, 2, 0, 0, 1, 3, 0, 3, 2, 3, 0, 1, 0, 0, 4, 0, 2, 0, 0, 3, 2, 0, 3
2011-04-13T00:32:36.900+0200, 2, 0, 3, 0, 0, 4, 0, 4, 0, 0, 0, 4, 3, 0, 0, 4, 2, 0, 1, 1, 1, 3, 2, 3
2011-04-14T02:32:54.137+0200, 0, 0, 6, 2, 2, 3, 3, 0, 0, 1, 0, 3, 2, 0, 1, 0, 5, 3, 2, 2, 0, 0, 3, 0
2011-04-15T01:20:45.631+0200, 0, 3, 2, 2, 0, 0, 0, 3, 0, 1, 1, 4, 0, 0, 1, 1, 3, 0, 2, 0, 5, 2, 0, 0
2011-04-16T00:04:55.123+0200, 5, 3, 2, 0, 4, 3, 3, 5, 0, 1, 1, 1, 1, 1, 0, 1, 0, 1, 0, 3, 0, 0, 3, 2
2011-04-17T07:01:18.867+0200, 0, 0, 0, 0, 0, 0, 0, 5, 4, 0, 1, 1, 0, 3, 0, 1, 3, 0, 2, 5, 2, 0, 0, 1
2011-04-18T01:36:24.534+0200, 0, 4, 0, 3, 0, 0, 2, 0, 7, 0, 0, 3, 3, 0, 4, 0, 2, 0, 3, 0, 3, 2, 0, 1
2011-04-19T01:37:00.876+0200, 0, 3, 0, 4, 0, 6, 0, 0, 3, 0, 0, 5, 0, 5, 2, 0, 0, 0, 4, 0, 4, 0, 0, 4
2011-04-20T03:08:08.650+0200, 0, 0, 0, 5, 4, 0, 1, 0, 1, 1, 1, 1, 3, 0, 3, 0, 2, 0, 0, 5, 2, 4, 2, 4
2011-04-21T01:00:15.131+0200, 0, 3, 0, 2, 0, 0, 3, 3, 3, 5, 2, 0, 0, 2, 0, 4, 2, 3, 5, 2, 0, 2, 3, 0
2011-04-22T00:35:03.364+0200, 1, 0, 1, 3, 4, 2, 2, 0, 0, 4, 0, 0, 0, 3, 2, 2, 3, 0, 1, 3, 0, 4, 0, 1
2011-04-23T00:05:31.181+0200, 3, 2, 0, 4, 3, 0, 3, 2, 0, 0, 0, 0, 5, 4, 0, 3, 2, 2, 0, 4, 2, 0, 0, 0
2011-04-24T00:18:22.112+0200, 4, 0, 4, 0, 3, 0, 4, 0, 2, 2, 0, 0, 0, 0, 4, 3, 0, 3, 3, 2, 3, 3, 0, 1
2011-04-25T00:33:20.889+0200, 1, 4, 0, 1, 3, 0, 3, 0, 4, 0, 0, 4, 0, 1, 3, 3, 4, 4, 0, 0, 1, 3, 0, 3
2011-04-26T00:04:22.241+0200, 2, 0, 1, 3, 4, 4, 0, 0, 0, 3, 0, 0, 4, 3, 0, 0, 4, 3, 0, 0, 0, 7, 0, 3
2011-04-27T00:15:23.864+0200, 2, 2, 0, 1, 3, 0, 0, 4, 2, 2, 2, 3, 0, 0, 3, 0, 3, 0, 6, 0, 2, 2, 0, 1
2011-04-28T00:18:03.268+0200, 3, 0, 4, 0, 1, 1, 0, 5, 0, 0, 4, 0, 3, 0, 0, 3, 0, 0, 0, 4, 4, 0, 3, 0
2011-04-29T00:06:24.050+0200, 2, 4, 0, 1, 1, 1, 1, 1, 1, 0, 0, 1, 4, 2, 2, 0, 3, 3, 2, 2, 3, 2, 2, 2
2011-04-30T01:29:03.870+0200, 0, 1, 3, 0, 1, 0, 3, 3, 0, 5, 0, 4, 0, 1, 1, 3, 0, 5, 3, 3, 3, 0, 1, 3
2011-05-01T01:03:05.883+0200, 0, 4, 0, 4, 2, 2, 2, 0, 0, 3, 0, 1, 1, 1, 0, 1, 3, 0, 4, 2, 0, 3, 2, 0
2011-05-02T00:45:12.660+0200, 2, 0, 5, 0, 2, 2, 2, 2, 0, 1, 4, 3, 2, 0, 2, 0, 0, 1, 1, 3, 0, 0, 1, 1
2011-05-03T01:04:11.776+0200, 0, 4, 2, 3, 5, 0, 2, 0, 0, 3, 0, 2, 0, 0, 0, 3, 0, 0, 1, 1, 3, 0, 7, 0
2011-05-04T00:13:35.465+0200, 1, 3, 2, 0, 4, 2, 2, 0, 1, 1, 4, 3, 2, 2, 0, 2, 0, 0, 4, 2, 0, 4, 0, 3
2011-05-05T01:36:41.071+0200, 0, 1, 0, 3, 0, 1, 1, 4, 2, 0, 4, 0, 4, 2, 0, 0, 0, 0, 0, 4, 0, 1, 3, 2
2011-05-06T01:04:07.697+0200, 0, 5, 2, 2, 2, 5, 0, 0, 3, 3, 0, 2, 3, 0, 3, 0, 0, 2, 2, 4, 2, 0, 6, 3
2011-05-07T02:28:51.894+0200, 0, 0, 1, 0, 1, 0, 0, 3, 2, 5, 2, 2, 0, 2, 0, 2, 0, 4, 0, 0, 4, 0, 2, 2
2011-05-08T00:04:09.630+0200, 2, 0, 4, 0, 0, 0, 3, 0, 3, 5, 0, 0, 1, 1, 1, 1, 1, 0, 4, 2, 0, 2, 0, 0
2011-05-09T00:04:36.173+0200, 4, 2, 0, 1, 3, 3, 2, 3, 3, 3, 0, 2, 4, 3, 3, 2, 2, 3, 2, 0, 3, 2, 0, 1
2011-05-10T00:09:27.696+0200, 4, 0, 0, 3, 4, 0, 3, 2, 0, 1, 1, 1, 5, 0, 0, 5, 3, 4, 2, 0, 5, 0, 3, 0
2011-05-11T00:06:11.897+0200, 2, 0, 3, 0, 1, 1, 3, 3, 4, 0, 4, 3, 2, 0, 0, 2, 4, 2, 4, 0, 0, 0, 3, 3
2011-05-12T00:28:48.447+0200, 3, 0, 3, 0, 3, 0, 1, 5, 0, 0, 1, 4, 3, 3, 3, 5, 4, 0, 0, 4, 0, 0, 0, 3
2011-05-13T00:25:00.198+0200, 2, 4, 4, 3, 0, 2, 2, 4, 4, 2, 0, 4, 3, 2, 2, 0, 4, 3, 0, 1, 3, 2, 3, 2
2011-05-14T00:03:27.401+0200, 5, 4, 3, 0, 0, 3, 2, 0, 0, 4, 0, 3, 4, 3, 3, 2, 0, 4, 0, 0, 1, 4, 2, 2
2011-05-15T00:41:31.447+0200, 2, 2, 3, 5, 2, 4, 0, 0, 4, 4, 4, 2, 0, 3, 2, 2, 2, 0, 0, 0, 0, 0, 3, 3
2011-05-16T01:56:58.722+0200, 0, 2, 5, 2, 3, 0, 0, 3, 0, 5, 0, 3, 2, 0, 4, 3, 3, 3, 0, 3, 0, 2, 2, 3
2011-05-17T00:55:56.603+0200, 2, 4, 0, 4, 0, 0, 3, 0, 1, 0, 3, 0, 4, 4, 2, 3, 4, 2, 0, 0, 0, 1, 3, 0
2011-05-18T00:07:28.118+0200, 3, 2, 3, 4, 2, 0, 4, 0, 2, 0, 3, 0, 1, 3, 0, 3, 4, 2, 2, 2, 3, 0, 3, 0
2011-05-19T00:49:36.309+0200, 3, 0, 1, 3, 0, 0, 0, 4, 5, 2, 0, 1, 3, 3, 2, 0, 6, 0, 3, 0, 0, 0, 3, 0
2011-05-20T00:48:26.882+0200, 1, 0, 3, 3, 0, 3, 0, 3, 0, 5, 3, 2, 0, 2, 3, 0, 2, 4, 4, 0, 4, 0, 5, 0
2011-05-21T00:01:35.870+0200, 4, 0, 3, 0, 2, 5, 0, 0, 2, 0, 3, 2, 0, 0, 0, 1, 1, 0, 3, 3, 3, 4, 2, 3
2011-05-22T02:55:58.570+0200, 0, 0, 1, 5, 0, 0, 0, 1, 6, 0, 3, 4, 0, 3, 0, 5, 2, 0, 1, 4, 0, 3, 2, 2
2011-05-23T00:51:03.714+0200, 3, 3, 2, 2, 0, 1, 3, 2, 0, 0, 0, 0, 0, 1, 1, 3, 0, 0, 1, 1, 4, 4, 3, 2
2011-05-24T01:25:39.652+0200, 0, 2, 0, 2, 3, 0, 0, 3, 4, 0, 5, 3, 0, 4, 2, 3, 5, 5, 0, 0, 0, 4, 4, 2
2011-05-25T00:47:53.132+0200, 2, 0, 3, 0, 5, 0, 3, 0, 1, 4, 4, 0, 3, 0, 4, 0, 3, 0, 3, 0, 1, 4, 0, 4
2011-05-26T00:26:39.089+0200, 2, 5, 6, 5, 0, 1, 0, 1, 3, 4, 3, 3, 0, 3, 3, 4, 2, 0, 3, 0, 3, 0, 1, 5
2011-05-27T03:11:24.360+0200, 0, 0, 0, 5, 4, 0, 3, 4, 3, 2, 3, 3, 0, 5, 0, 0, 0, 3, 0, 0, 0, 3, 0, 3
2011-05-28T00:50:19.941+0200, 2, 5, 4, 3, 2, 3, 0, 4, 2, 3, 0, 1, 0, 4, 2, 0, 3, 3, 2, 0, 0, 0, 3, 0
2011-05-29T01:29:58.685+0200, 0, 3, 3, 0, 3, 3, 2, 0, 2, 0, 3, 0, 2, 2, 0, 1, 5, 2, 4, 4, 2, 2, 0, 0
2011-05-30T00:25:11.367+0200, 2, 2, 4, 0, 0, 4, 0, 2, 4, 0, 2, 0, 3, 3, 3, 2, 6, 3, 2, 2, 4, 0, 5, 0
2011-05-31T02:10:51.863+0200, 0, 0, 1, 1, 1, 1, 1, 5, 5, 0, 0, 2, 0, 3, 2, 3, 2, 2, 5, 0, 4, 2, 2, 0
2011-06-01T00:15:24.024+0200, 3, 2, 3, 3, 0, 3, 3, 2, 0, 4, 0, 5, 3, 0, 5, 0, 3, 2, 2, 0, 0, 1, 5, 0
2011-06-02T00:39:55.516+0200, 4, 0, 1, 1, 5, 2, 0, 0, 1, 1, 4, 3, 0, 6, 4, 2, 0, 4, 0, 3, 0, 1, 0, 6
2011-06-03T01:20:55.903+0200, 0, 4, 0, 4, 2, 2, 0, 1, 3, 4, 2, 0, 3, 2, 0, 4, 0, 5, 0, 4, 3, 2, 4, 2
2011-06-04T00:41:48.251+0200, 5, 0, 3, 3, 5, 5, 0, 4, 0, 3, 3, 6, 2, 0, 7, 5, 0, 3, 2, 0, 0, 3, 2, 0
2011-06-05T00:27:08.780+0200, 1, 3, 4, 0, 1, 1, 5, 4, 0, 1, 7, 2, 0, 3, 0, 2, 0, 3, 0, 3, 0, 0, 2, 6
2011-06-06T02:46:15.584+0200, 0, 0, 1, 3, 4, 0, 2, 4, 0, 4, 2, 4, 0, 4, 0, 0, 2, 2, 0, 2, 4, 3, 2, 3
2011-06-07T02:14:41.450+0200, 0, 0, 3, 3, 5, 0, 3, 3, 0, 1, 4, 3, 4, 6, 2, 6, 2, 0, 3, 0, 5, 0, 7, 0
2011-06-08T00:10:57.437+0200, 3, 2, 0, 5, 0, 3, 2, 0, 3, 2, 3, 5, 0, 0, 0, 3, 4, 3, 2, 0, 5, 3, 0, 5
2011-06-09T00:30:09.859+0200, 4, 3, 0, 7, 4, 0, 4, 4, 2, 0, 4, 2, 3, 2, 3, 6, 3, 2, 3, 0, 6, 2, 0, 5
2011-06-10T01:35:38.710+0200, 0, 3, 6, 3, 5, 4, 3, 0, 4, 0, 1, 3, 2, 0, 0, 0, 4, 6, 5, 4, 0, 3, 4, 2
2011-06-11T00:26:21.304+0200, 2, 0, 4, 0, 6, 2, 2, 0, 0, 3, 2, 2, 0, 6, 2, 0, 3, 2, 0, 2, 4, 0, 5, 5
2011-06-12T00:34:56.449+0200, 2, 0, 7, 0, 5, 4, 5, 2, 0, 3, 2, 5, 6, 3, 2, 0, 6, 4, 2, 4, 2, 0, 6, 2
2011-06-13T00:27:42.634+0200, 3, 0, 1, 7, 3, 3, 0, 3, 0, 4, 3, 3, 3, 0, 2, 0, 4, 4, 0, 3, 3, 6, 2, 3
2011-06-14T00:11:14.001+0200, 4, 5, 0, 1, 3, 0, 6, 5, 0, 3, 2, 2, 5, 3, 0, 3, 0, 0, 5, 0, 3, 2, 3, 4
2011-06-15T00:25:44.929+0200, 3, 4, 0, 3, 3, 0, 1, 1, 4, 0, 1, 3, 0, 1, 3, 0, 4, 6, 4, 2, 0, 1, 4, 3
2011-06-16T01:13:21.432+0200, 0, 6, 0, 6, 3, 4, 4, 0, 4, 5, 2, 2, 2, 0, 6, 3, 0, 0, 3, 5, 0, 5, 2, 3
2011-06-17T01:59:05.497+0200, 0, 1, 7, 2, 0, 3, 2, 0, 5, 3, 5, 5, 3, 3, 4, 4, 0, 3, 3, 2, 5, 0, 1, 4
2011-06-18T00:25:17.834+0200, 3, 0, 3, 5, 3, 2, 0, 1, 5, 4, 3, 3, 2, 3, 5, 5, 5, 5, 4, 2, 2, 4, 0, 3
2011-06-19T00:30:10.716+0200, 3, 4, 0, 1, 8, 4, 2, 4, 4, 3, 3, 2, 3, 2, 0, 5, 0, 4, 2, 2, 2, 2, 0, 0
2011-06-20T00:12:37.045+0200, 3, 4, 2, 2, 4, 7, 4, 0, 1, 0, 6, 2, 3, 2, 5, 4, 2, 2, 3, 0, 1, 8, 3, 5
2011-06-21T00:40:21.434+0200, 3, 4, 3, 2, 2, 5, 0, 4, 7, 5, 0, 0, 6, 3, 0, 5, 7, 0, 0, 4, 2, 0, 2, 0
2011-06-22T00:14:31.750+0200, 3, 0, 0, 1, 1, 0, 4, 2, 3, 2, 0, 1, 4, 0, 3, 2, 4, 4, 0, 3, 2, 5, 8, 0
2011-06-23T00:59:12.038+0200, 2, 5, 4, 0, 1, 3, 2, 2, 0, 2, 2, 2, 0, 4, 3, 0, 4, 2, 0, 4, 0, 3, 2, 0
2011-06-24T00:44:48.071+0200, 3, 3, 2, 2, 2, 3, 3, 5, 3, 0, 5, 0, 1, 1, 6, 3, 0, 1, 3, 3, 6, 4, 0, 3
2011-06-25T00:48:42.823+0200, 4, 3, 2, 2, 5, 2, 5, 3, 0, 2, 3, 3, 3, 0, 1, 1, 6, 5, 0, 0, 6, 2, 2, 3
2011-06-26T00:07:52.954+0200, 5, 3, 4, 0, 4, 3, 2, 3, 0, 6, 7, 4, 2, 0, 5, 2, 0, 8, 0, 4, 3, 5, 2, 0
2011-06-27T00:56:23.076+0200, 2, 0, 1, 4, 3, 0, 5, 0, 3, 3, 5, 3, 3, 0, 0, 3, 3, 3, 0, 0, 1, 4, 0, 4
2011-06-28T00:30:27.121+0200, 2, 3, 3, 2, 4, 4, 4, 5, 4, 5, 0, 0, 4, 2, 4, 0, 3, 3, 0, 5, 0, 4, 2, 0
2011-06-29T00:31:47.858+0200, 2, 0, 1, 1, 3, 3, 0, 3, 3, 0, 1, 0, 6, 5, 3, 0, 4, 4, 4, 0, 3, 4, 0, 3
2011-06-30T00:17:27.604+0200, 4, 3, 2, 3, 0, 5, 2, 0, 0, 3, 5, 3, 0, 3, 0, 3, 0, 3, 2, 2, 3, 0, 5, 0
2011-07-01T00:26:18.455+0200, 3, 3, 0, 4, 0, 1, 4, 3, 0, 4, 2, 0, 4, 3, 2, 0, 3, 3, 2, 0, 3, 0, 3, 3
2011-07-02T00:05:37.217+0200, 7, 4, 0, 6, 4, 0, 3, 0, 2, 3, 2, 2, 2, 5, 2, 3, 0, 4, 4, 3, 0, 3, 2, 0
2011-07-03T00:09:43.874+0200, 3, 3, 0, 5, 2, 0, 4, 2, 3, 0, 4, 4, 2, 0, 4, 0, 6, 2, 4, 4, 4, 0, 0, 3
2011-07-04T00:13:30.895+0200, 2, 3, 2, 3, 0, 3, 2, 5, 4, 2, 0, 5, 4, 0, 3, 2, 0, 0, 4, 4, 2, 3, 2, 4
2011-07-05T01:34:15.053+0200, 0, 1, 5, 3, 3, 5, 0, 1, 1, 4, 0, 4, 2, 2, 0, 10, 3, 3, 2, 2, 2, 5, 0, 5
2011-07-06T00:14:50.049+0200, 3, 4, 5, 0, 3, 2, 2, 2, 2, 2, 4, 0, 2, 4, 0, 4, 0, 1, 3, 2, 0, 1, 5, 3
2011-07-07T00:19:41.070+0200, 4, 0, 5, 4, 4, 0, 5, 2, 0, 0, 4, 2, 2, 8, 3, 4, 0, 1, 4, 2, 0, 4, 0, 2
2011-07-08T00:36:51.398+0200, 3, 3, 4, 0, 4, 0, 3, 0, 6, 2, 6, 8, 2, 0, 4, 4, 0, 4, 4, 5, 5, 2, 4, 7
2011-07-09T00:13:09.912+0200, 5, 0, 0, 2, 0, 5, 6, 0, 5, 0, 0, 1, 1, 6, 6, 0, 4, 5, 8, 4, 6, 2, 0, 6
2011-07-10T00:20:44.313+0200, 5, 3, 5, 2, 5, 3, 0, 1, 3, 4, 2, 3, 5, 0, 4, 6, 0, 4, 3, 2, 2, 0, 7, 5
2011-07-11T00:48:02.318+0200, 3, 3, 3, 4, 7, 2, 4, 3, 2, 2, 5, 3, 2, 0, 0, 4, 2, 4, 0, 4, 2, 3, 3, 4
2011-07-12T01:06:05.336+0200, 0, 3, 4, 2, 2, 0, 3, 4, 4, 0, 3, 7, 4, 2, 3, 3, 4, 0, 1, 4, 3, 0, 0, 0
2011-07-13T00:41:14.429+0200, 2, 2, 0, 4, 4, 0, 3, 4, 6, 0, 1, 5, 0, 4, 2, 0, 0, 1, 1, 4, 0, 3, 5, 6
2011-07-14T00:34:19.015+0200, 2, 0, 3, 3, 3, 0, 6, 0, 1, 1, 3, 0, 0, 1, 3, 5, 2, 3, 0, 3, 3, 5, 3, 0
2011-07-15T00:32:50.006+0200, 5, 2, 0, 3, 3, 4, 4, 0, 1, 1, 1, 4, 8, 0, 5, 4, 4, 5, 2, 3, 3, 3, 3, 4
2011-07-16T00:45:32.169+0200, 3, 0, 3, 3, 5, 0, 1, 1, 1, 1, 4, 5, 0, 4, 4, 3, 5, 3, 0, 5, 8, 2, 4, 0
2011-07-17T00:30:13.655+0200, 4, 2, 3, 4, 4, 0, 3, 4, 2, 3, 4, 5, 0, 4, 4, 4, 6, 3, 0, 9, 0, 3, 3, 2
2011-07-18T00:32:19.530+0200, 4, 5, 2, 0, 6, 3, 4, 0, 5, 0, 3, 7, 2, 7, 2, 3, 0, 7, 2, 2, 0, 0, 0, 4
2011-07-19T00:21:15.598+0200, 3, 3, 2, 2, 4, 3, 3, 0, 5, 6, 4, 3, 2, 0, 4, 0, 4, 2, 2, 4, 0, 4, 3, 4
2011-07-20T01:01:30.868+0200, 0, 4, 2, 3, 2, 0, 2, 0, 9, 0, 5, 3, 2, 6, 3, 2, 8, 2, 0, 4, 2, 7, 5, 3
2011-07-21T01:47:53.840+0200, 0, 4, 4, 4, 2, 2, 0, 8, 3, 2, 2, 2, 3, 6, 7, 2, 2, 4, 4, 2, 2, 6, 3, 0
2011-07-22T01:27:31.266+0200, 0, 6, 4, 5, 2, 3, 0, 3, 2, 0, 4, 10, 2, 0, 1, 1, 3, 0, 4, 4, 3, 3, 2, 6
2011-07-23T00:24:38.769+0200, 5, 4, 2, 2, 2, 0, 4, 2, 2, 3, 4, 0, 4, 5, 2, 4, 5, 0, 3, 3, 3, 3, 0, 5
2011-07-24T00:37:46.303+0200, 2, 2, 0, 5, 5, 3, 3, 5, 0, 4, 3, 7, 0, 0, 3, 2, 2, 2, 3, 5, 5, 3, 4, 0
2011-07-25T00:23:03.786+0200, 5, 4, 4, 2, 4, 2, 2, 4, 3, 2, 8, 4, 0, 4, 4, 2, 2, 4, 3, 0, 5, 0, 1, 1
2011-07-26T00:02:06.031+0200, 5, 2, 5, 2, 2, 3, 0, 7, 0, 1, 3, 0, 3, 3, 0, 0, 4, 3, 3, 3, 3, 0, 1, 3
2011-07-27T01:06:25.763+0200, 0, 6, 10, 2, 3, 0, 4, 3, 3, 2, 2, 4, 4, 4, 0, 1, 4, 4, 2, 2, 4, 5, 0, 1
2011-07-28T00:24:48.015+0200, 4, 2, 0, 4, 0, 3, 3, 4, 5, 3, 3, 5, 3, 4, 0, 5, 2, 6, 0, 3, 3, 3, 4, 0
2011-07-29T00:44:44.110+0200, 3, 7, 5, 4, 3, 3, 0, 1, 7, 4, 3, 2, 6, 3, 0, 4, 3, 5, 2, 0, 9, 0, 6, 2
2011-07-30T00:13:45.686+0200, 2, 3, 4, 3, 2, 5, 2, 4, 4, 0, 3, 3, 2, 3, 3, 5, 3, 2, 3, 3, 3, 3, 0, 6
2011-07-31T00:15:07.534+0200, 6, 2, 0, 3, 2, 0, 3, 0, 9, 5, 5, 5, 5, 0, 4, 0, 1, 5, 0, 4, 3, 5, 3, 0
2011-08-01T00:14:48.129+0200, 5, 0, 3, 6, 0, 0, 1, 3, 2, 4, 4, 6, 6, 5, 3, 2, 6, 2, 0, 3, 0, 4, 3, 3
2011-08-02T00:16:26.935+0200, 8, 3, 4, 2, 3, 6, 2, 6, 5, 5, 5, 2, 2, 4, 3, 4, 4, 3, 5, 7, 4, 0, 2, 2
2011-08-03T00:33:22.646+0200, 8, 5, 5, 0, 7, 0, 6, 3, 2, 3, 4, 3, 2, 3, 2, 4, 3, 0, 0, 5, 3, 0, 8, 5
2011-08-04T00:28:47.175+0200, 7, 4, 5, 4, 4, 0, 6, 3, 4, 6, 5, 2, 4, 2, 4, 4, 0, 5, 4, 5, 4, 2, 4, 7
2011-08-05T00:58:06.714+0200, 2, 0, 4, 3, 2, 2, 3, 0, 5, 0, 1, 8, 4, 7, 5, 3, 4, 0, 3, 3, 3, 2, 6, 3
2011-08-06T01:06:12.513+0200, 0, 5, 0, 4, 3, 4, 0, 0, 2, 2, 4, 3, 0, 3, 2, 0, 1, 5, 4, 2, 0, 5, 3, 2
2011-08-07T00:51:52.894+0200, 2, 0, 6, 0, 5, 4, 3, 5, 0, 4, 0, 3, 0, 7, 2, 3, 4, 0, 1, 4, 0, 1, 3, 3
2011-08-08T01:25:07.282+0200, 0, 5, 6, 5, 4, 2, 6, 3, 0, 3, 0, 3, 4, 0, 3, 3, 3, 0, 3, 3, 2, 3, 4, 4
2011-08-09T01:07:14.694+0200, 0, 6, 3, 3, 0, 6, 4, 2, 2, 0, 5, 0, 5, 5, 4, 8, 5, 0, 0, 1, 3, 0, 0, 7
2011-08-10T00:11:27.608+0200, 5, 4, 4, 2, 3, 3, 6, 2, 2, 3, 0, 3, 2, 0, 6, 4, 5, 4, 2, 0, 1, 5, 2, 0
2011-08-11T01:12:36.592+0200, 0, 6, 4, 3, 3, 0, 0, 3, 0, 5, 0, 6, 7, 5, 2, 3, 6, 4, 0, 1, 4, 2, 4, 5
2011-08-12T02:13:11.799+0200, 0, 0, 3, 3, 0, 5, 4, 0, 0, 0, 1, 5, 3, 2, 2, 0, 1, 3, 2, 4, 3, 3, 0, 7
2011-08-13T00:25:10.355+0200, 2, 4, 3, 3, 3, 4, 4, 6, 3, 2, 0, 5, 0, 4, 4, 4, 2, 3, 4, 3, 3, 3, 5, 6
2011-08-14T00:51:48.549+0200, 3, 2, 4, 4, 3, 3, 4, 0, 4, 2, 4, 5, 2, 2, 3, 3, 2, 0, 4, 0, 6, 3, 2, 4
2011-08-15T00:03:44.235+0200, 3, 3, 0, 1, 4, 4, 2, 4, 3, 5, 3, 0, 5, 4, 2, 3, 3, 0, 5, 0, 1, 1, 3, 6
2011-08-16T01:04:01.621+0200, 0, 5, 5, 0, 4, 0, 3, 3, 3, 4, 3, 3, 3, 0, 6, 2, 3, 0, 3, 3, 0, 0, 4, 0
2011-08-17T00:53:21.100+0200, 1, 4, 0, 4, 2, 3, 0, 3, 0, 3, 0, 3, 2, 3, 4, 5, 2, 2, 4, 2, 4, 0, 1, 1
2011-08-18T00:18:13.339+0200, 4, 0, 3, 3, 6, 3, 6, 5, 3, 2, 2, 0, 7, 0, 5, 4, 2, 8, 2, 2, 0, 1, 5, 0
2011-08-19T00:07:46.250+0200, 6, 2, 7, 3, 4, 2, 0, 5, 2, 6, 3, 4, 0, 5, 4, 0, 4, 5, 3, 4, 4, 3, 2, 4
2011-08-20T00:01:17.765+0200, 9, 3, 5, 3, 0, 2, 2, 2, 6, 7, 0, 3, 7, 4, 3, 2, 7, 6, 0, 3, 3, 0, 1, 4
2011-08-21T00:16:51.125+0200, 5, 7, 3, 0, 5, 5, 5, 3, 5, 4, 2, 8, 3, 2, 0, 5, 5, 3, 4, 3, 4, 6, 2, 2
2011-08-22T00:27:36.582+0200, 6, 3, 0, 1, 7, 3, 0, 3, 2, 3, 6, 8, 4, 3, 4, 3, 2, 2, 4, 4, 0, 3, 2, 2
2011-08-23T00:25:38.470+0200, 5, 4, 4, 5, 3, 5, 4, 3, 0, 3, 5, 3, 3, 2, 6, 0, 3, 3, 0, 2, 5, 4, 0, 0
2011-08-24T00:03:57.657+0200, 3, 3, 3, 0, 1, 3, 4, 2, 2, 6, 4, 2, 2, 0, 7, 2, 2, 0, 3, 3, 4, 7, 3, 4
2011-08-25T01:04:10.277+0200, 0, 4, 2, 0, 7, 0, 0, 3, 3, 2, 2, 6, 0, 1, 5, 0, 7, 5, 6, 3, 4, 0, 1, 4
2011-08-26T00:46:10.128+0200, 4, 5, 0, 0, 3, 4, 5, 2, 2, 4, 5, 3, 4, 3, 5, 3, 6, 6, 0, 3, 2, 0, 4, 4
2011-08-27T00:41:12.335+0200, 2, 3, 2, 2, 3, 0, 4, 0, 1, 0, 3, 2, 6, 4, 4, 5, 5, 4, 0, 6, 5, 3, 4, 5
2011-08-28T01:02:46.729+0200, 0, 5, 2, 5, 3, 2, 4, 5, 4, 3, 2, 6, 2, 2, 6, 4, 3, 2, 5, 0, 2, 4, 5, 0
2011-08-29T00:04:16.492+0200, 4, 3, 3, 6, 2, 0, 0, 6, 6, 3, 3, 3, 2, 0, 1, 5, 4, 4, 2, 4, 3, 3, 3, 6
2011-08-30T01:00:14.169+0200, 0, 4, 2, 2, 5, 3, 4, 3, 3, 3, 3, 0, 1, 5, 3, 3, 2, 4, 7, 3, 3, 6, 2, 4
2011-08-31T00:41:30.311+0200, 3, 0, 3, 0, 1, 1, 5, 3, 3, 2, 4, 2, 0, 5, 3, 3, 3, 5, 0, 3, 4, 2, 3, 2
2011-09-01T00:41:10.968+0200, 4, 3, 0, 4, 5, 0, 0, 3, 4, 0, 0, 4, 7, 3, 0, 0, 0, 3, 4, 4, 3, 4, 4, 3
2011-09-02T00:31:38.334+0200, 4, 4, 3, 3, 2, 3, 2, 3, 5, 0, 5, 3, 0, 1, 4, 2, 3, 4, 2, 0, 3, 4, 3, 4
2011-09-03T00:28:11.436+0200, 4, 2, 4, 5, 8, 4, 3, 4, 0, 4, 4, 5, 5, 4, 4, 6, 5, 3, 0, 5, 5, 3, 7, 3
2011-09-04T00:44:52.425+0200, 2, 3, 3, 3, 2, 4, 3, 0, 2, 4, 3, 2, 3, 6, 2, 6, 4, 0, 1, 3, 0, 1, 1, 0
2011-09-05T00:21:45.342+0200, 7, 4, 2, 5, 6, 2, 5, 2, 4, 4, 2, 5, 5, 2, 4, 2, 2, 0, 4, 6, 5, 6, 5, 0
2011-09-06T00:34:09.734+0200, 3, 0, 8, 4, 4, 3, 3, 0, 4, 4, 3, 8, 4, 0, 0, 6, 3, 5, 0, 5, 2, 6, 7, 2
2011-09-07T00:21:40.476+0200, 5, 5, 4, 2, 2, 3, 3, 4, 6, 4, 4, 4, 4, 2, 5, 3, 0, 5, 6, 3, 5, 4, 2, 5
2011-09-08T00:36:28.717+0200, 2, 0, 1, 6, 2, 4, 3, 3, 0, 7, 3, 3, 6, 6, 0, 6, 2, 0, 3, 3, 5, 2, 0, 1
2011-09-09T01:10:55.750+0200, 0, 3, 4, 3, 5, 4, 3, 3, 2, 6, 7, 5, 2, 2, 5, 3, 0, 1, 3, 4, 5, 3, 8, 3
2011-09-10T00:38:46.048+0200, 5, 3, 0, 6, 5, 2, 2, 3, 9, 0, 5, 5, 6, 3, 4, 0, 4, 6, 4, 5, 6, 6, 0, 1
2011-09-11T00:08:08.325+0200, 5, 5, 6, 0, 9, 0, 5, 2, 5, 2, 9, 5, 5, 3, 0, 4, 3, 4, 7, 6, 2, 4, 6, 5
2011-09-12T01:04:28.740+0200, 0, 6, 6, 2, 3, 5, 4, 2, 4, 3, 2, 7, 3, 0, 5, 3, 4, 7, 3, 2, 4, 4, 8, 7
2011-09-13T00:16:36.542+0200, 6, 4, 5, 0, 1, 8, 5, 2, 0, 5, 4, 3, 3, 4, 2, 4, 3, 4, 2, 7, 5, 7, 6, 3
2011-09-14T00:12:44.847+0200, 7, 0, 0, 1, 3, 0, 5, 0, 6, 3, 0, 5, 5, 5, 4, 2, 7, 6, 4, 5, 5, 2, 4, 2
2011-09-15T00:18:08.322+0200, 4, 2, 5, 0, 6, 0, 5, 6, 2, 2, 4, 2, 8, 0, 5, 3, 2, 3, 2, 6, 4, 6, 3, 5
2011-09-16T00:26:21.841+0200, 6, 3, 3, 3, 0, 5, 5, 2, 2, 2, 5, 3, 0, 6, 4, 6, 5, 3, 0, 3, 7, 4, 5, 5
2011-09-17T00:12:41.567+0200, 4, 3, 5, 2, 8, 0, 3, 4, 5, 4, 5, 0, 5, 7, 2, 8, 0, 4, 4, 3, 5, 2, 6, 6
2011-09-18T00:17:40.425+0200, 5, 2, 4, 0, 4, 4, 6, 5, 6, 2, 2, 4, 2, 5, 3, 2, 0, 10, 6, 3, 2, 6, 2, 0
2011-09-19T00:27:38.364+0200, 4, 5, 5, 2, 2, 5, 4, 0, 8, 7, 4, 7, 6, 5, 4, 5, 6, 4, 3, 3, 5, 0, 1, 4
2011-09-20T01:44:45.852+0200, 0, 3, 3, 6, 2, 3, 5, 2, 5, 0, 3, 3, 2, 3, 7, 0, 3, 4, 2, 2, 3, 2, 2, 2
2011-09-21T02:27:59.738+0200, 0, 0, 4, 6, 0, 3, 5, 0, 4, 4, 4, 5, 5, 2, 4, 7, 2, 4, 2, 2, 5, 2, 0, 1
2011-09-22T00:53:04.335+0200, 1, 1, 0, 0, 1, 4, 0, 3, 0, 1, 5, 3, 2, 0, 1, 1, 5, 2, 7, 5, 3, 4, 3, 2
2011-09-23T00:13:08.223+0200, 2, 2, 4, 0, 2, 2, 3, 4, 4, 3, 5, 0, 1, 8, 2, 4, 0, 4, 3, 2, 5, 0, 0, 6
2011-09-24T00:19:23.645+0200, 2, 5, 3, 4, 7, 0, 4, 4, 6, 2, 4, 6, 4, 2, 3, 2, 2, 4, 0, 4, 2, 3, 6, 2
2011-09-25T01:47:12.401+0200, 0, 1, 6, 2, 4, 4, 4, 0, 3, 2, 2, 3, 4, 3, 3, 3, 4, 3, 4, 0, 1, 3, 3, 0
2011-09-26T00:10:06.038+0200, 4, 7, 5, 6, 0, 5, 4, 2, 6, 0, 3, 4, 2, 2, 0, 3, 6, 6, 4, 3, 3, 6, 0, 1
2011-09-27T00:06:42.127+0200, 5, 0, 2, 0, 6, 5, 0, 1, 0, 3, 2, 3, 7, 5, 5, 4, 4, 2, 0, 3, 4, 3, 4, 2
2011-09-28T01:32:02.712+0200, 0, 4, 2, 2, 2, 4, 0, 7, 2, 2, 3, 0, 1, 3, 4, 5, 4, 7, 2, 5, 7, 2, 2, 3
2011-09-29T00:14:40.617+0200, 5, 0, 6, 0, 5, 4, 3, 3, 4, 2, 5, 3, 3, 4, 3, 4, 4, 3, 8, 4, 2, 0, 3, 2
2011-09-30T00:32:47.174+0200, 2, 2, 2, 6, 0, 6, 4, 0, 1, 5, 2, 3, 7, 4, 3, 0, 7, 3, 3, 4, 2, 3, 3, 4
2011-10-01T00:12:08.532+0200, 3, 4, 6, 0, 0, 3, 0, 7, 5, 2, 2, 5, 5, 3, 4, 0, 8, 6, 0, 1, 7, 3, 4, 3
2011-10-02T00:27:45.966+0200, 3, 0, 3, 2, 4, 3, 3, 3, 4, 5, 2, 3, 5, 6, 0, 4, 0, 9, 3, 4, 6, 2, 0, 5
2011-10-03T00:32:54.321+0200, 4, 4, 0, 4, 5, 5, 5, 4, 4, 5, 2, 0, 3, 6, 2, 4, 5, 3, 2, 7, 3, 2, 2, 2
2011-10-04T00:08:19.398+0200, 6, 4, 4, 3, 3, 9, 2, 0, 5, 4, 5, 4, 6, 4, 3, 0, 6, 10, 4, 3, 7, 4, 2, 4
2011-10-05T00:26:41.597+0200, 6, 0, 3, 3, 0, 10, 0, 5, 2, 6, 6, 7, 4, 2, 4, 8, 2, 6, 0, 6, 2, 2, 0, 3
2011-10-06T00:14:00.356+0200, 5, 6, 8, 2, 6, 0, 5, 2, 0, 4, 5, 0, 1, 0, 3, 4, 3, 4, 2, 5, 5, 3, 2, 2
2011-10-07T00:46:19.342+0200, 3, 4, 3, 5, 2, 4, 0, 0, 3, 2, 3, 6, 3, 4, 3, 2, 3, 2, 5, 5, 7, 3, 5, 4
2011-10-08T01:49:47.004+0200, 0, 4, 5, 2, 5, 6, 5, 2, 3, 3, 3, 2, 4, 4, 2, 8, 7, 6, 4, 2, 4, 7, 0, 1
2011-10-09T00:24:30.713+0200, 3, 4, 4, 4, 2, 3, 0, 4, 4, 5, 4, 2, 3, 2, 0, 1, 4, 5, 3, 3, 2, 4, 0, 4
2011-10-10T01:17:33.889+0200, 0, 3, 0, 1, 4, 3, 2, 3, 3, 6, 3, 2, 0, 4, 0, 3, 3, 5, 3, 4, 4, 4, 3, 5
2011-10-11T00:24:56.474+0200, 4, 0, 5, 3, 5, 3, 0, 1, 4, 5, 0, 0, 4, 2, 4, 5, 0, 2, 2, 2, 2, 0, 4, 3
2011-10-12T00:18:59.999+0200, 3, 2, 0, 3, 0, 4, 0, 3, 4, 4, 2, 5, 0, 4, 2, 3, 3, 3, 0, 5, 3, 3, 3, 3
2011-10-13T00:22:39.274+0200, 4, 2, 4, 0, 6, 3, 4, 0, 1, 5, 5, 5, 2, 4, 2, 4, 0, 6, 5, 3, 3, 5, 0, 3
2011-10-14T00:27:03.545+0200, 2, 0, 1, 3, 3, 3, 3, 0, 5, 4, 2, 0, 4, 4, 6, 3, 2, 8, 0, 1, 5, 3, 4, 3
2011-10-15T00:15:51.886+0200, 5, 3, 3, 5, 3, 2, 7, 3, 0, 5, 3, 5, 4, 5, 2, 2, 4, 5, 5, 3, 4, 2, 0, 1
2011-10-16T00:10:27.153+0200, 6, 4, 6, 4, 3, 4, 3, 2, 6, 0, 3, 0, 3, 3, 2, 4, 0, 1, 0, 9, 3, 2, 3, 5
2011-10-17T00:43:05.649+0200, 4, 2, 3, 4, 4, 3, 0, 4, 3, 2, 3, 3, 3, 3, 0, 1, 1, 1, 5, 2, 3, 2, 0, 3
2011-10-18T00:10:13.748+0200, 6, 4, 5, 2, 2, 3, 3, 4, 2, 4, 3, 0, 3, 3, 3, 3, 2, 0, 10, 4, 3, 2, 3, 2
2011-10-19T00:27:01.772+0200, 3, 0, 1, 1, 1, 1, 4, 0, 1, 6, 0, 3, 5, 7, 5, 0, 3, 5, 2, 5, 5, 5, 3, 2
2011-10-20T00:05:06.236+0200, 6, 0, 7, 5, 4, 4, 2, 4, 4, 2, 5, 3, 6, 5, 6, 3, 5, 0, 1, 5, 5, 4, 4, 4
2011-10-21T00:19:11.216+0200, 3, 2, 3, 6, 3, 6, 3, 2, 5, 4, 5, 2, 0, 5, 0, 4, 2, 2, 0, 1, 5, 5, 2, 4
2011-10-22T00:54:33.145+0200, 2, 4, 5, 5, 3, 4, 4, 3, 0, 3, 7, 5, 3, 0, 6, 4, 4, 3, 2, 2, 6, 4, 2, 6
2011-10-23T00:15:18.356+0200, 3, 7, 8, 3, 5, 5, 2, 0, 2, 2, 4, 2, 5, 0, 6, 3, 3, 4, 2, 4, 5, 2, 5, 3
2011-10-24T00:17:38.474+0200, 5, 2, 2, 3, 2, 4, 3, 2, 4, 4, 4, 4, 3, 4, 2, 3, 2, 10, 7, 2, 6, 5, 6, 5
2011-10-25T00:49:01.324+0200, 3, 7, 3, 3, 2, 4, 5, 5, 5, 2, 2, 4, 4, 0, 3, 2, 4, 0, 3, 2, 2, 3, 3, 5
2011-10-26T00:20:35.675+0200, 6, 3, 0, 7, 3, 6, 5, 0, 3, 5, 0, 1, 6, 0, 3, 6, 2, 3, 3, 7, 0, 5, 3, 5
2011-10-27T00:22:31.294+0200, 2, 6, 4, 3, 3, 2, 2, 4, 3, 0, 2, 0, 3, 3, 4, 4, 4, 3, 2, 4, 5, 3, 3, 3
2011-10-28T01:01:53.031+0200, 0, 3, 4, 5, 4, 3, 3, 0, 5, 3, 5, 0, 6, 0, 0, 4, 4, 4, 5, 5, 5, 2, 2, 3
2011-10-29T00:14:01.929+0200, 4, 0, 4, 3, 4, 3, 2, 0, 4, 7, 2, 0, 1, 5, 5, 3, 4, 2, 4, 0, 6, 3, 2, 0
2011-10-30T00:01:34.856+0200, 5, 4, 5, 0, 5, 6, 3, 0, 1, 7, 2, 6, 4, 4, 2, 3, 3, 5, 4, 4, 7, 0, 4, 8
2011-10-31T00:11:33.177+0100, 3, 4, 3, 2, 2, 2, 4, 6, 6, 2, 3, 4, 0, 4, 5, 2, 2, 0, 3, 0, 3, 5, 0, 1
2011-11-01T00:32:13.280+0100, 1, 1, 5, 4, 4, 3, 4, 5, 3, 3, 4, 3, 2, 3, 0, 3, 5, 2, 2, 2, 6, 2, 3, 2
2011-11-02T00:24:33.185+0100, 4, 2, 0, 4, 4, 2, 3, 3, 4, 0, 2, 4, 4, 2, 7, 6, 3, 3, 6, 0, 6, 3, 5, 0
2011-11-03T00:16:45.605+0100, 5, 4, 3, 4, 5, 3, 2, 4, 2, 0, 5, 0, 4, 2, 4, 4, 4, 3, 2, 4, 3, 2, 4, 0
2011-11-04T00:08:34.147+0100, 4, 0, 1, 1, 5, 2, 5, 5, 0, 4, 3, 3, 3, 0, 3, 3, 0, 1, 1, 4, 2, 6, 2, 3
2011-11-05T01:01:57.565+0100, 0, 3, 4, 3, 2, 5, 0, 1, 1, 3, 2, 6, 2, 0, 1, 4, 0, 4, 0, 0, 3, 4, 5, 3
2011-11-06T00:28:08.820+0100, 2, 2, 0, 6, 0, 3, 0, 3, 3, 0, 6, 4, 3, 0, 3, 2, 2, 0, 4, 0, 3, 4, 2, 3
2011-11-07T00:16:41.149+0100, 4, 2, 5, 0, 3, 2, 4, 3, 3, 7, 4, 0, 5, 4, 0, 7, 2, 0, 4, 3, 0, 1, 1, 3
2011-11-08T00:53:19.867+0100, 2, 5, 2, 3, 2, 4, 4, 3, 3, 9, 3, 6, 4, 3, 4, 3, 2, 0, 5, 0, 5, 4, 3, 2
2011-11-09T00:03:21.661+0100, 5, 2, 6, 4, 4, 3, 3, 4, 3, 0, 4, 5, 3, 3, 3, 4, 2, 3, 5, 2, 3, 0, 1, 4
2011-11-10T00:26:21.433+0100, 4, 0, 6, 3, 0, 6, 6, 2, 2, 0, 4, 7, 3, 5, 5, 0, 3, 6, 3, 2, 0, 3, 2, 3
2011-11-11T00:35:44.227+0100, 3, 3, 4, 0, 5, 0, 0, 8, 6, 3, 0, 3, 5, 6, 3, 3, 2, 4, 4, 6, 4, 2, 4, 0
2011-11-12T00:09:40.131+0100, 4, 2, 2, 0, 3, 0, 5, 0, 0, 1, 0, 6, 0, 4, 2, 0, 1, 6, 4, 3, 4, 7, 0, 0
2011-11-13T00:07:59.286+0100, 4, 0, 7, 5, 2, 4, 4, 5, 5, 2, 2, 5, 3, 3, 2, 0, 0, 3, 6, 3, 3, 0, 5, 2
2011-11-14T00:24:54.617+0100, 3, 2, 3, 3, 2, 0, 8, 6, 0, 1, 1, 5, 4, 0, 4, 5, 6, 3, 3, 5, 4, 0, 0, 1
2011-11-15T00:07:51.829+0100, 4, 4, 5, 0, 3, 3, 4, 0, 0, 3, 2, 4, 2, 4, 3, 2, 3, 0, 4, 5, 2, 2, 2, 4
2011-11-16T01:05:03.260+0100, 0, 5, 6, 4, 5, 3, 0, 1, 5, 3, 3, 2, 3, 4, 4, 3, 3, 2, 5, 3, 4, 3, 4, 0
2011-11-17T00:22:52.791+0100, 1, 3, 0, 6, 2, 2, 0, 2, 0, 4, 4, 4, 3, 5, 2, 0, 11, 3, 3, 6, 2, 5, 4, 4
2011-11-18T00:12:06.516+0100, 6, 2, 5, 3, 0, 1, 4, 2, 4, 2, 6, 3, 4, 0, 5, 5, 5, 3, 3, 3, 2, 4, 3, 4
2011-11-19T01:12:35.380+0100, 0, 7, 3, 5, 4, 0, 4, 2, 4, 7, 4, 5, 3, 0, 7, 5, 5, 4, 3, 2, 7, 3, 3, 4
2011-11-20T00:29:05.532+0100, 2, 4, 3, 2, 2, 9, 3, 0, 4, 5, 0, 5, 3, 3, 6, 4, 0, 6, 5, 2, 3, 4, 4, 0
2011-11-21T01:06:14.973+0100, 0, 7, 5, 3, 4, 3, 4, 5, 5, 4, 3, 8, 3, 2, 2, 3, 4, 5, 5, 4, 3, 0, 4, 2
2011-11-22T00:09:09.331+0100, 4, 0, 4, 0, 1, 5, 4, 5, 4, 4, 3, 6, 3, 0, 5, 5, 5, 3, 0, 1, 3, 6, 5, 4
2011-11-23T00:47:13.356+0100, 2, 5, 3, 2, 2, 2, 0, 1, 5, 0, 6, 2, 5, 2, 2, 5, 5, 6, 2, 4, 2, 6, 0, 8
2011-11-24T00:14:21.960+0100, 5, 4, 6, 6, 2, 2, 0, 1, 3, 0, 4, 5, 4, 6, 0, 1, 6, 3, 3, 3, 2, 0, 4, 2
2011-11-25T00:31:19.870+0100, 2, 0, 1, 4, 0, 4, 4, 0, 4, 4, 2, 2, 0, 3, 3, 5, 2, 3, 9, 2, 0, 8, 2, 4
2011-11-26T01:39:29.383+0100, 0, 1, 3, 0, 6, 4, 4, 3, 0, 6, 3, 0, 3, 6, 0, 6, 4, 6, 0, 3, 7, 5, 3, 2
2011-11-27T00:27:41.859+0100, 4, 3, 5, 5, 3, 3, 4, 3, 2, 3, 2, 0, 3, 3, 2, 4, 4, 0, 5, 0, 7, 4, 0, 5
2011-11-28T00:32:10.465+0100, 4, 3, 5, 0, 4, 2, 4, 4, 5, 3, 3, 3, 0, 1, 1, 4, 3, 4, 4, 4, 6, 2, 3, 3
2011-11-29T00:22:46.648+0100, 2, 3, 4, 2, 3, 4, 4, 2, 2, 7, 3, 3, 0, 1, 4, 2, 0, 4, 3, 3, 6, 0, 4, 7
2011-11-30T00:07:24.183+0100, 8, 2, 3, 0, 4, 2, 4, 4, 5, 2, 5, 4, 5, 0, 3, 3, 4, 2, 4, 3, 4, 0, 1, 7
2011-12-01T01:19:51.017+0100, 0, 6, 3, 0, 4, 4, 2, 2, 2, 3, 3, 4, 4, 2, 5, 6, 4, 3, 4, 6, 0, 5, 3, 2
2011-12-02T00:37:09.216+0100, 4, 2, 3, 3, 4, 2, 2, 4, 2, 2, 3, 2, 2, 3, 2, 0, 3, 3, 3, 5, 0, 6, 4, 3
2011-12-03T01:26:46.290+0100, 0, 4, 3, 2, 3, 2, 6, 2, 0, 0, 1, 6, 0, 6, 4, 0, 0, 3, 4, 3, 3, 2, 2, 0
2011-12-04T00:23:55.267+0100, 1, 6, 7, 5, 3, 4, 2, 6, 4, 5, 4, 5, 4, 0, 3, 3, 2, 0, 5, 8, 6, 3, 5, 5
2011-12-05T00:38:53.998+0100, 3, 2, 3, 3, 5, 2, 0, 4, 3, 0, 5, 4, 0, 5, 3, 4, 0, 6, 3, 2, 0, 6, 4, 2
2011-12-06T00:17:51.315+0100, 7, 2, 4, 2, 2, 4, 4, 0, 4, 0, 3, 4, 3, 2, 6, 3, 0, 5, 4, 6, 5, 2, 3, 3
2011-12-07T00:48:33.675+0100, 2, 2, 4, 2, 2, 3, 4, 4, 4, 2, 4, 0, 4, 4, 7, 5, 4, 3, 2, 2, 3, 0, 5, 3
2011-12-08T00:16:30.158+0100, 3, 5, 3, 4, 0, 9, 0, 5, 2, 0, 0, 1, 4, 4, 3, 4, 7, 4, 6, 2, 0, 1, 3, 0
2011-12-09T00:15:34.953+0100, 3, 3, 3, 4, 0, 4, 2, 2, 2, 3, 2, 3, 7, 0, 0, 1, 3, 4, 3, 3, 0, 4, 0, 2
2011-12-10T00:11:46.589+0100, 3, 2, 7, 3, 0, 2, 4, 3, 3, 0, 1, 5, 3, 4, 4, 3, 2, 8, 3, 2, 0, 0, 3, 4
2011-12-11T00:32:28.900+0100, 2, 0, 3, 2, 3, 0, 5, 2, 0, 3, 2, 0, 7, 0, 3, 0, 4, 2, 0, 1, 1, 1, 5, 0
2011-12-12T01:03:46.083+0100, 0, 7, 2, 3, 2, 3, 4, 0, 1, 3, 4, 0, 4, 2, 4, 3, 2, 2, 3, 2, 0, 0, 4, 0
2011-12-13T00:24:40.224+0100, 4, 4, 3, 0, 1, 4, 0, 1, 1, 5, 2, 2, 0, 0, 0, 3, 2, 2, 2, 3, 0, 4, 0, 3
2011-12-14T00:20:28.884+0100, 4, 3, 0, 0, 4, 0, 1, 3, 2, 0, 4, 4, 3, 2, 0, 0, 1, 0, 3, 4, 2, 3, 3, 0
2011-12-15T00:23:22.239+0100, 3, 2, 3, 3, 4, 0, 4, 0, 5, 2, 3, 0, 1, 3, 4, 5, 2, 3, 3, 0, 0, 1, 1, 3
2011-12-16T01:27:59.357+0100, 0, 6, 3, 2, 0, 4, 3, 5, 4, 4, 0, 6, 3, 2, 0, 4, 0, 4, 2, 3, 5, 4, 3, 2
2011-12-17T00:15:17.184+0100, 5, 4, 3, 3, 3, 0, 3, 4, 4, 4, 0, 6, 2, 0, 7, 2, 6, 2, 0, 4, 2, 0, 2, 4
2011-12-18T00:48:15.869+0100, 4, 3, 2, 0, 5, 0, 4, 3, 0, 3, 0, 4, 2, 0, 4, 3, 2, 3, 2, 5, 3, 3, 3, 0
2011-12-19T00:26:53.882+0100, 3, 0, 3, 2, 3, 4, 4, 0, 5, 7, 3, 5, 3, 3, 3, 2, 3, 3, 0, 1, 7, 0, 5, 5
2011-12-20T01:44:14.320+0100, 0, 1, 3, 4, 2, 2, 2, 3, 2, 2, 5, 4, 0, 1, 6, 3, 3, 3, 8, 3, 0, 6, 3, 4
2011-12-21T00:14:39.198+0100, 4, 7, 5, 3, 2, 0, 6, 4, 0, 4, 0, 3, 2, 0, 5, 2, 0, 0, 0, 7, 2, 4, 2, 3
2011-12-22T00:56:03.421+0100, 2, 4, 0, 3, 0, 6, 0, 1, 5, 5, 5, 8, 2, 0, 5, 2, 0, 1, 5, 0, 3, 5, 0, 4
2011-12-23T01:01:10.648+0100, 0, 3, 0, 1, 0, 6, 3, 0, 5, 4, 4, 3, 3, 3, 2, 2, 5, 3, 2, 2, 0, 1, 5, 2
2011-12-24T00:12:04.774+0100, 2, 2, 8, 6, 3, 6, 4, 3, 2, 5, 3, 3, 5, 2, 0, 1, 3, 4, 3, 2, 4, 0, 5, 6
2011-12-25T00:20:25.556+0100, 3, 3, 3, 0, 5, 3, 4, 2, 0, 3, 0, 4, 3, 5, 3, 2, 9, 3, 3, 3, 2, 2, 6, 6
2011-12-26T00:01:20.248+0100, 3, 2, 4, 2, 4, 3, 4, 3, 2, 3, 3, 2, 5, 0, 7, 5, 2, 3, 0, 5, 0, 4, 4, 3
2011-12-27T00:40:55.547+0100, 2, 3, 8, 2, 2, 4, 0, 0, 4, 0, 3, 4, 2, 3, 0, 4, 2, 0, 1, 3, 2, 3, 2, 3
2011-12-28T00:18:09.373+0100, 6, 7, 7, 0, 4, 2, 2, 2, 6, 2, 0, 3, 2, 6, 3, 3, 0, 3, 6, 7, 4, 3, 3, 0
2011-12-29T00:03:52.322+0100, 6, 3, 2, 2, 3, 7, 5, 7, 0, 4, 0, 7, 2, 0, 0, 3, 3, 4, 3, 2, 4, 4, 3, 4
2011-12-30T00:22:57.735+0100, 5, 7, 3, 2, 7, 0, 0, 3, 2, 2, 4, 0, 6, 3, 2, 9, 0, 1, 4, 5, 2, 2, 2, 0
2011-12-31T00:12:48.186+0100, 6, 7, 2, 7, 2, 2, 2, 3, 0, 5, 4, 2, 3, 2, 8, 7, 9, 4, 4, 6, 5, 6, 4, 5
2012-01-02T00:35:41.182+0100, 3, 6, 7, 5, 2, 6, 4, 3, 3, 5, 4, 2, 5, 5, 2, 0, 4, 4, 5, 5, 4, 4, 6, 4
2012-01-03T00:13:04.483+0100, 3, 5, 2, 4, 4, 2, 4, 3, 3, 0, 5, 2, 2, 5, 6, 12, 5, 3, 2, 5, 5, 2, 5, 6
2012-01-04T00:40:46.103+0100, 5, 4, 5, 2, 5, 3, 4, 3, 6, 3, 10, 0, 7, 4, 2, 2, 2, 0, 8, 3, 4, 2, 2, 4
2012-01-05T00:37:28.512+0100, 4, 6, 2, 4, 4, 4, 4, 0, 8, 0, 6, 2, 5, 3, 0, 7, 5, 0, 1, 6, 3, 3, 3, 4
2012-01-06T00:21:29.040+0100, 3, 4, 4, 2, 6, 0, 4, 4, 2, 6, 2, 6, 0, 7, 2, 6, 2, 5, 3, 2, 3, 6, 5, 5
2012-01-07T00:08:44.706+0100, 5, 10, 0, 6, 5, 3, 5, 2, 9, 4, 0, 1, 4, 3, 6, 2, 0, 3, 4, 5, 5, 5, 5, 6
2012-01-08T00:12:39.872+0100, 9, 4, 4, 6, 4, 3, 6, 6, 6, 9, 3, 6, 3, 4, 0, 3, 6, 6, 3, 6, 3, 5, 10, 3
2012-01-09T00:35:08.628+0100, 4, 6, 9, 2, 6, 4, 9, 7, 3, 6, 8, 6, 5, 5, 6, 4, 5, 2, 2, 6, 3, 5, 4, 4
2012-01-10T00:21:37.155+0100, 7, 5, 5, 9, 4, 4, 6, 2, 2, 6, 8, 6, 2, 3, 3, 6, 9, 6, 4, 6, 3, 0, 6, 4
2012-01-11T00:24:54.292+0100, 4, 4, 6, 9, 4, 2, 5, 7, 6, 4, 7, 8, 2, 0, 4, 3, 4, 7, 7, 4, 0, 4, 6, 7
2012-01-12T00:26:15.567+0100, 3, 3, 2, 7, 3, 3, 7, 3, 7, 4, 4, 0, 5, 7, 3, 8, 7, 3, 0, 5, 2, 4, 2, 2
2012-01-13T00:08:05.549+0100, 6, 5, 0, 7, 4, 6, 3, 5, 5, 5, 6, 9, 7, 4, 3, 3, 3, 3, 7, 4, 3, 5, 4, 6
2012-01-14T00:33:45.868+0100, 5, 4, 4, 3, 4, 7, 13, 4, 6, 7, 6, 6, 6, 4, 6, 4, 3, 4, 12, 5, 7, 3, 10, 4
2012-01-15T00:20:17.969+0100, 5, 0, 4, 5, 6, 8, 7, 2, 6, 9, 6, 7, 3, 5, 5, 4, 4, 4, 5, 4, 2, 7, 4, 5
2012-01-16T00:11:39.596+0100, 5, 5, 5, 7, 5, 4, 3, 5, 8, 7, 5, 5, 3, 5, 5, 6, 4, 2, 4, 3, 3, 5, 7, 7
2012-01-17T00:21:05.493+0100, 9, 3, 5, 5, 6, 4, 0, 6, 3, 4, 2, 2, 6, 3, 7, 6, 6, 3, 7, 4, 4, 3, 7, 5
2012-01-18T00:52:49.814+0100, 4, 2, 4, 3, 4, 3, 5, 7, 7, 7, 7, 3, 5, 6, 2, 6, 2, 3, 6, 7, 5, 3, 2, 6
2012-01-19T00:10:12.665+0100, 5, 3, 8, 12, 6, 2, 10, 8, 0, 4, 2, 11, 4, 4, 3, 8, 3, 6, 7, 2, 5, 6, 3, 3
2012-01-20T00:22:49.680+0100, 5, 6, 3, 2, 6, 5, 4, 4, 5, 4, 6, 5, 6, 5, 5, 4, 2, 3, 5, 8, 9, 5, 6, 3
2012-01-21T01:38:22.838+0100, 0, 1, 11, 3, 5, 6, 6, 3, 9, 8, 4, 4, 9, 5, 4, 3, 5, 6, 5, 7, 5, 3, 3, 7
2012-01-22T00:03:26.758+0100, 10, 6, 5, 7, 2, 5, 5, 4, 3, 4, 5, 12, 3, 3, 4, 4, 6, 2, 4, 4, 5, 3, 3, 4
2012-01-23T00:28:19.650+0100, 5, 5, 4, 3, 3, 6, 0, 3, 3, 3, 5, 5, 4, 7, 8, 0, 6, 6, 6, 5, 5, 5, 5, 7
2012-01-24T00:53:48.678+0100, 3, 5, 4, 4, 8, 3, 3, 0, 10, 9, 4, 8, 4, 6, 4, 4, 3, 6, 3, 3, 5, 10, 8, 5
2012-01-25T00:16:46.715+0100, 5, 8, 3, 5, 2, 5, 0, 6, 7, 2, 3, 5, 2, 8, 3, 3, 7, 11, 4, 4, 3, 7, 5, 7
2012-01-26T00:18:08.813+0100, 6, 4, 2, 6, 6, 6, 0, 4, 5, 2, 11, 5, 5, 8, 3, 0, 7, 8, 6, 0, 6, 6, 0, 4
2012-01-27T00:08:51.235+0100, 4, 8, 11, 4, 6, 3, 4, 4, 10, 7, 0, 5, 3, 6, 9, 6, 6, 0, 12, 6, 4, 9, 2, 2
2012-01-28T00:13:11.312+0100, 9, 4, 4, 6, 5, 3, 4, 4, 11, 11, 5, 6, 4, 3, 2, 8, 3, 3, 6, 8, 7, 4, 3, 7
2012-01-29T00:24:00.654+0100, 6, 6, 6, 5, 6, 3, 9, 8, 6, 10, 3, 4, 6, 2, 6, 4, 2, 2, 5, 2, 2, 0, 7, 6
2012-01-30T00:14:30.410+0100, 4, 0, 10, 3, 6, 4, 5, 3, 7, 4, 8, 4, 0, 5, 2, 5, 6, 3, 3, 8, 5, 6, 6, 8
2012-01-31T00:24:34.246+0100, 5, 4, 7, 7, 4, 5, 2, 2, 4, 4, 6, 9, 8, 6, 5, 6, 7, 2, 4, 3, 5, 0, 1, 5
2012-02-01T00:34:34.604+0100, 4, 4, 3, 5, 3, 0, 3, 6, 4, 8, 3, 3, 7, 6, 5, 2, 6, 2, 0, 7, 8, 2, 2, 4
2012-02-02T00:14:58.911+0100, 3, 4, 4, 5, 6, 2, 4, 5, 2, 3, 2, 3, 5, 7, 3, 4, 9, 5, 7, 5, 4, 4, 6, 4
2012-02-03T01:02:37.213+0100, 0, 4, 4, 3, 7, 3, 4, 2, 3, 3, 5, 6, 6, 3, 4, 4, 4, 5, 6, 3, 4, 2, 3, 2
2012-02-04T00:22:01.702+0100, 2, 5, 4, 5, 0, 4, 2, 0, 3, 4, 6, 5, 6, 4, 2, 4, 2, 7, 0, 3, 2, 5, 2, 4
2012-02-05T00:33:00.125+0100, 7, 2, 2, 6, 3, 7, 4, 3, 4, 2, 2, 2, 5, 4, 0, 2, 6, 6, 7, 4, 6, 5, 4, 3
2012-02-06T00:19:07.494+0100, 4, 7, 4, 4, 7, 0, 5, 2, 3, 2, 4, 7, 2, 4, 3, 6, 6, 3, 3, 5, 5, 0, 6, 4
2012-02-07T00:50:14.610+0100, 2, 6, 3, 4, 6, 2, 5, 0, 2, 0, 4, 2, 2, 4, 2, 5, 3, 0, 4, 2, 3, 2, 3, 3
2012-02-08T00:42:15.836+0100, 5, 2, 4, 5, 6, 9, 3, 4, 9, 3, 2, 5, 0, 4, 3, 2, 4, 8, 5, 2, 6, 0, 6, 5
2012-02-09T00:26:15.842+0100, 2, 4, 4, 5, 6, 3, 4, 4, 5, 5, 4, 2, 5, 2, 2, 6, 3, 2, 2, 5, 3, 5, 3, 2
2012-02-10T00:22:56.829+0100, 4, 5, 5, 0, 2, 2, 4, 3, 2, 4, 4, 3, 0, 1, 4, 4, 4, 2, 5, 5, 2, 5, 4, 2
2012-02-11T00:47:15.524+0100, 3, 6, 4, 5, 4, 4, 2, 0, 0, 4, 5, 0, 7, 2, 4, 4, 3, 2, 2, 8, 5, 2, 3, 3
2012-02-12T00:42:44.726+0100, 3, 6, 3, 5, 3, 3, 3, 2, 3, 0, 3, 8, 6, 3, 2, 6, 2, 2, 3, 2, 0, 7, 6, 4
2012-02-13T00:12:01.204+0100, 2, 3, 0, 5, 2, 3, 5, 4, 0, 6, 4, 2, 7, 6, 3, 4, 4, 6, 4, 11, 7, 0, 4, 4
2012-02-14T00:28:06.438+0100, 4, 3, 0, 9, 3, 6, 4, 2, 3, 6, 5, 4, 3, 4, 4, 0, 2, 3, 4, 2, 5, 6, 6, 3
2012-02-15T00:30:17.299+0100, 2, 4, 3, 7, 3, 6, 5, 5, 6, 3, 2, 6, 5, 5, 3, 4, 2, 2, 4, 3, 3, 3, 5, 4
2012-02-16T00:10:13.841+0100, 3, 6, 5, 4, 2, 4, 3, 4, 6, 6, 5, 5, 3, 2, 4, 3, 10, 2, 2, 3, 4, 4, 3, 4
2012-02-17T00:30:08.874+0100, 5, 4, 5, 2, 6, 5, 4, 2, 3, 2, 8, 0, 8, 7, 4, 7, 7, 3, 6, 5, 3, 0, 8, 3
2012-02-18T00:02:20.846+0100, 6, 4, 2, 2, 2, 5, 7, 5, 4, 0, 0, 5, 5, 5, 0, 3, 7, 4, 5, 2, 5, 3, 6, 5
2012-02-19T00:42:51.223+0100, 3, 0, 1, 7, 6, 2, 5, 4, 3, 9, 3, 8, 4, 3, 2, 5, 3, 3, 5, 3, 3, 5, 3, 2
2012-02-20T02:14:36.922+0100, 0, 0, 4, 0, 8, 2, 3, 7, 4, 7, 3, 2, 2, 4, 3, 3, 2, 6, 4, 2, 4, 0, 4, 5
2012-02-21T00:04:14.921+0100, 7, 7, 2, 2, 0, 2, 6, 2, 2, 4, 9, 0, 4, 4, 2, 6, 4, 4, 0, 4, 3, 0, 7, 5
2012-02-22T00:09:24.360+0100, 3, 5, 4, 2, 2, 3, 4, 4, 2, 3, 4, 4, 0, 5, 5, 3, 6, 4, 4, 3, 3, 0, 6, 4
2012-02-23T00:35:07.926+0100, 2, 5, 4, 4, 5, 7, 4, 2, 0, 2, 4, 4, 0, 5, 6, 6, 3, 7, 7, 8, 4, 4, 5, 4
2012-02-24T00:52:37.148+0100, 3, 3, 5, 3, 6, 3, 6, 2, 3, 6, 0, 3, 4, 5, 5, 0, 5, 8, 2, 4, 5, 0, 5, 2
2012-02-25T00:36:14.877+0100, 3, 5, 5, 5, 4, 2, 3, 7, 3, 3, 2, 3, 7, 4, 5, 2, 2, 11, 4, 0, 0, 4, 0, 9
2012-02-26T00:20:53.947+0100, 5, 3, 2, 0, 2, 5, 6, 3, 6, 0, 0, 1, 3, 3, 0, 6, 8, 3, 8, 4, 5, 0, 4, 3
2012-02-27T00:49:22.729+0100, 2, 3, 5, 5, 9, 4, 2, 3, 4, 0, 8, 3, 2, 2, 5, 2, 4, 3, 6, 4, 4, 2, 2, 3
2012-02-28T01:12:09.936+0100, 0, 5, 4, 6, 7, 3, 3, 4, 2, 2, 3, 0, 4, 4, 3, 2, 2, 4, 4, 9, 0, 7, 4, 5
2012-02-29T00:19:14.413+0100, 4, 6, 3, 4, 5, 4, 3, 3, 2, 3, 6, 5, 5, 7, 4, 5, 4, 2, 6, 2, 6, 5, 4, 2
2012-03-01T00:35:19.313+0100, 2, 6, 6, 4, 3, 4, 4, 0, 7, 0, 3, 6, 0, 3, 5, 5, 3, 6, 2, 3, 7, 5, 2, 0
2012-03-02T00:35:23.011+0100, 6, 3, 3, 5, 0, 3, 4, 5, 0, 2, 5, 6, 9, 2, 6, 5, 5, 2, 5, 8, 5, 7, 3, 4
2012-03-03T00:34:15.968+0100, 4, 3, 7, 7, 3, 2, 4, 4, 0, 5, 3, 7, 4, 5, 5, 6, 4, 3, 4, 5, 4, 4, 0, 1
2012-03-04T00:02:39.776+0100, 7, 4, 0, 4, 5, 2, 4, 3, 3, 4, 4, 2, 5, 5, 3, 5, 6, 4, 6, 3, 6, 3, 5, 3
2012-03-05T00:12:18.359+0100, 5, 0, 7, 5, 3, 2, 3, 4, 6, 5, 4, 5, 6, 6, 0, 4, 4, 8, 2, 3, 3, 2, 4, 2
2012-03-06T00:08:04.407+0100, 3, 3, 4, 2, 6, 5, 3, 4, 6, 6, 0, 5, 4, 3, 0, 1, 5, 4, 5, 5, 5, 6, 7, 6
2012-03-07T00:01:22.448+0100, 6, 5, 2, 4, 5, 10, 6, 4, 2, 3, 3, 2, 6, 4, 5, 7, 7, 2, 7, 7, 0, 3, 6, 5
2012-03-08T00:13:28.187+0100, 6, 4, 5, 7, 8, 9, 4, 0, 7, 9, 3, 4, 7, 2, 7, 3, 7, 5, 7, 5, 0, 4, 4, 3
2012-03-09T00:02:46.447+0100, 7, 0, 5, 5, 7, 6, 11, 4, 6, 5, 6, 6, 4, 0, 8, 7, 2, 6, 3, 7, 6, 8, 3, 7
2012-03-10T00:33:46.296+0100, 2, 4, 2, 2, 5, 0, 5, 4, 2, 5, 3, 4, 5, 4, 4, 5, 5, 6, 5, 0, 3, 6, 5, 4
2012-03-11T00:51:33.815+0100, 2, 5, 0, 4, 3, 0, 7, 4, 5, 4, 6, 2, 5, 4, 5, 0, 3, 7, 6, 0, 5, 2, 5, 3
2012-03-12T00:38:17.922+0100, 3, 4, 6, 6, 6, 5, 8, 2, 0, 9, 5, 7, 5, 3, 3, 0, 3, 5, 3, 0, 3, 3, 4, 3
2012-03-13T00:43:03.101+0100, 5, 6, 6, 5, 3, 9, 3, 3, 0, 7, 6, 2, 0, 3, 5, 3, 9, 5, 4, 3, 5, 4, 2, 4
2012-03-14T00:17:00.622+0100, 4, 5, 3, 7, 6, 2, 4, 6, 6, 3, 5, 4, 3, 9, 6, 5, 6, 4, 2, 4, 3, 4, 6, 2
2012-03-15T00:07:43.649+0100, 11, 5, 4, 2, 6, 2, 3, 3, 3, 5, 0, 5, 4, 7, 3, 4, 3, 5, 3, 3, 10, 10, 6, 3
2012-03-16T00:59:31.264+0100, 2, 5, 3, 5, 3, 4, 2, 0, 2, 5, 4, 5, 3, 4, 6, 5, 2, 2, 9, 6, 0, 1, 5, 5
2012-03-17T00:52:07.074+0100, 4, 4, 6, 4, 8, 6, 2, 2, 0, 5, 5, 6, 6, 7, 2, 4, 5, 5, 9, 2, 3, 7, 3, 5
2012-03-18T00:07:08.562+0100, 4, 3, 5, 9, 4, 4, 3, 4, 3, 3, 7, 2, 5, 0, 7, 7, 7, 5, 5, 3, 7, 5, 3, 4
2012-03-19T00:22:46.759+0100, 2, 8, 2, 3, 9, 5, 6, 9, 0, 2, 6, 6, 2, 2, 5, 4, 6, 6, 5, 0, 5, 6, 3, 6
2012-03-20T00:10:25.549+0100, 5, 0, 5, 4, 7, 5, 12, 3, 6, 5, 5, 8, 5, 3, 6, 5, 3, 3, 4, 6, 4, 3, 6, 6
2012-03-21T00:55:22.981+0100, 3, 4, 8, 6, 4, 3, 3, 4, 7, 2, 2, 5, 7, 3, 6, 4, 2, 3, 5, 5, 2, 6, 4, 3
2012-03-22T00:22:37.871+0100, 5, 8, 0, 8, 4, 3, 3, 4, 4, 0, 5, 9, 2, 6, 3, 6, 8, 7, 2, 4, 3, 4, 3, 6
2012-03-23T00:06:42.678+0100, 7, 2, 4, 7, 9, 6, 6, 5, 5, 0, 5, 3, 4, 0, 3, 6, 4, 2, 4, 3, 5, 8, 3, 3
2012-03-24T00:22:21.480+0100, 6, 3, 4, 8, 2, 5, 5, 7, 3, 5, 3, 0, 4, 4, 0, 4, 5, 4, 2, 5, 7, 5, 3, 7
2012-03-25T00:58:39.149+0100, 2, 0, 0, 4, 3, 2, 5, 4, 4, 6, 3, 6, 5, 0, 3, 8, 0, 3, 3, 2, 7, 7, 5, 2
2012-03-26T00:37:12.721+0200, 5, 5, 6, 4, 4, 5, 4, 3, 2, 7, 4, 2, 2, 5, 6, 6, 0, 4, 7, 5, 7, 7, 3, 7
2012-03-27T01:08:51.377+0200, 0, 3, 2, 5, 5, 4, 4, 4, 5, 3, 7, 3, 2, 3, 4, 6, 7, 9, 9, 3, 3, 5, 7, 7
2012-03-28T00:25:18.986+0200, 4, 2, 4, 5, 8, 6, 6, 4, 5, 5, 2, 4, 2, 5, 3, 5, 3, 2, 6, 2, 3, 3, 3, 2
2012-03-29T00:41:50.658+0200, 4, 4, 4, 2, 5, 4, 6, 3, 7, 7, 2, 7, 4, 4, 7, 5, 0, 7, 4, 6, 2, 4, 4, 6
2012-03-30T00:28:08.638+0200, 4, 9, 2, 0, 2, 0, 8, 6, 3, 3, 7, 4, 3, 4, 5, 6, 5, 0, 4, 5, 4, 4, 5, 5
2012-03-31T00:10:43.741+0200, 6, 2, 4, 6, 5, 0, 1, 5, 3, 5, 3, 7, 2, 2, 3, 3, 3, 0, 5, 2, 0, 4, 0, 7
2012-04-01T00:33:26.082+0200, 3, 3, 6, 3, 4, 6, 3, 3, 0, 11, 3, 3, 4, 5, 3, 7, 6, 4, 3, 5, 3, 0, 2, 8
2012-04-02T00:26:06.659+0200, 4, 5, 0, 3, 0, 5, 3, 3, 3, 4, 0, 8, 3, 2, 4, 7, 0, 1, 6, 0, 5, 8, 4, 0
2012-04-03T00:10:48.166+0200, 6, 3, 3, 6, 3, 2, 3, 4, 2, 5, 3, 5, 7, 8, 3, 0, 1, 3, 6, 0, 0, 5, 0, 4
2012-04-04T00:38:15.059+0200, 3, 4, 3, 0, 6, 7, 4, 4, 4, 2, 5, 5, 5, 0, 4, 6, 5, 5, 3, 7, 6, 6, 4, 0
2012-04-05T00:01:05.202+0200, 9, 4, 2, 0, 5, 4, 3, 0, 5, 2, 4, 5, 2, 6, 4, 4, 4, 5, 3, 5, 4, 3, 4, 2
2012-04-06T00:04:50.295+0200, 3, 4, 2, 2, 3, 3, 0, 1, 3, 4, 6, 3, 2, 5, 3, 2, 5, 7, 6, 2, 0, 7, 5, 0
2012-04-07T00:01:31.411+0200, 3, 2, 5, 4, 3, 8, 4, 5, 4, 3, 6, 3, 3, 5, 4, 2, 4, 4, 3, 2, 2, 5, 5, 2
2012-04-08T00:58:43.236+0200, 2, 4, 3, 0, 0, 3, 5, 3, 2, 8, 3, 5, 3, 2, 4, 4, 10, 4, 3, 4, 4, 6, 4, 6
2012-04-09T00:45:12.990+0200, 4, 2, 5, 3, 5, 4, 3, 2, 3, 4, 4, 7, 2, 0, 5, 0, 6, 6, 4, 3, 3, 5, 6, 3
2012-04-10T00:23:38.695+0200, 2, 4, 3, 3, 6, 7, 6, 5, 3, 5, 5, 4, 4, 3, 5, 5, 5, 6, 5, 7, 0, 6, 5, 3
2012-04-11T00:44:32.048+0200, 3, 3, 4, 0, 3, 5, 3, 5, 3, 7, 2, 5, 3, 0, 3, 6, 3, 6, 2, 3, 7, 5, 6, 4
2012-04-12T00:08:02.366+0200, 5, 8, 7, 3, 6, 3, 5, 7, 2, 5, 7, 3, 11, 3, 6, 7, 2, 6, 3, 3, 6, 3, 2, 3
2012-04-13T01:09:22.572+0200, 0, 1, 6, 4, 0, 1, 9, 3, 0, 7, 2, 5, 3, 3, 2, 3, 2, 4, 4, 5, 2, 6, 2, 3
2012-04-14T00:41:36.339+0200, 3, 4, 2, 5, 0, 6, 4, 4, 0, 3, 3, 2, 3, 0, 4, 3, 2, 3, 2, 4, 5, 6, 3, 2
2012-04-15T00:20:53.371+0200, 6, 3, 2, 2, 7, 0, 7, 6, 5, 0, 4, 9, 3, 3, 6, 2, 3, 4, 6, 4, 7, 3, 6, 2
2012-04-16T00:47:01.615+0200, 2, 0, 4, 6, 5, 3, 2, 0, 4, 5, 2, 0, 3, 0, 3, 3, 3, 3, 6, 2, 3, 5, 10, 0
2012-04-17T00:39:26.077+0200, 1, 4, 4, 3, 0, 3, 6, 7, 5, 2, 3, 5, 4, 2, 3, 3, 0, 10, 3, 4, 4, 2, 7, 4
2012-04-18T00:03:26.818+0200, 4, 7, 3, 6, 2, 3, 0, 5, 4, 0, 4, 5, 3, 4, 8, 4, 3, 5, 3, 4, 2, 0, 4, 9
2012-04-19T00:24:25.277+0200, 4, 4, 6, 7, 3, 0, 6, 4, 3, 4, 3, 2, 3, 4, 7, 2, 7, 3, 5, 0, 5, 0, 5, 0
2012-04-20T00:53:16.375+0200, 2, 2, 6, 6, 4, 2, 3, 0, 4, 2, 3, 3, 4, 6, 0, 3, 2, 3, 2, 2, 0, 8, 3, 0
2012-04-21T00:22:45.032+0200, 4, 5, 7, 3, 0, 6, 4, 8, 5, 6, 6, 2, 5, 3, 9, 5, 3, 3, 0, 8, 2, 3, 0, 5
2012-04-22T00:24:27.713+0200, 2, 4, 0, 5, 0, 4, 4, 7, 7, 7, 5, 4, 4, 0, 3, 3, 4, 3, 7, 7, 6, 5, 5, 5
2012-04-23T00:07:14.355+0200, 6, 2, 2, 5, 0, 3, 5, 0, 7, 3, 7, 4, 7, 9, 6, 4, 5, 5, 9, 9, 3, 8, 2, 2
2012-04-24T00:11:33.504+0200, 4, 5, 3, 4, 3, 7, 4, 7, 2, 5, 3, 7, 2, 2, 6, 4, 4, 6, 7, 0, 7, 5, 2, 3
2012-04-25T00:20:27.025+0200, 8, 10, 3, 3, 8, 7, 4, 5, 10, 3, 7, 2, 6, 3, 6, 4, 4, 5, 0, 7, 2, 8, 5, 8
2012-04-26T00:30:36.567+0200, 3, 4, 2, 5, 8, 6, 4, 4, 2, 2, 4, 7, 4, 8, 4, 3, 4, 5, 12, 7, 7, 8, 5, 3
2012-04-27T00:32:12.426+0200, 3, 0, 7, 5, 7, 4, 5, 5, 6, 7, 4, 7, 7, 5, 6, 4, 6, 5, 3, 2, 6, 0, 5, 6
2012-04-28T00:22:51.682+0200, 4, 6, 9, 5, 7, 3, 2, 7, 5, 4, 4, 9, 5, 3, 6, 3, 0, 6, 6, 4, 0, 5, 4, 4
2012-04-29T00:15:25.622+0200, 6, 3, 6, 6, 9, 3, 4, 7, 2, 4, 8, 6, 7, 2, 5, 3, 4, 7, 6, 8, 3, 4, 6, 7
2012-04-30T00:21:59.559+0200, 8, 5, 9, 8, 0, 7, 4, 5, 6, 7, 7, 3, 4, 8, 6, 0, 8, 6, 6, 9, 6, 5, 5, 6
2012-05-01T00:36:06.068+0200, 5, 6, 6, 8, 5, 6, 9, 4, 7, 2, 4, 9, 6, 2, 5, 3, 5, 5, 2, 5, 2, 4, 8, 5
2012-05-02T00:09:50.700+0200, 6, 3, 3, 4, 3, 6, 4, 6, 5, 7, 0, 6, 2, 5, 0, 0, 12, 5, 7, 4, 3, 6, 4, 5
2012-05-03T00:18:30.347+0200, 10, 7, 8, 4, 4, 5, 7, 5, 7, 4, 0, 6, 4, 3, 3, 6, 2, 8, 0, 5, 5, 4, 6, 2
2012-05-04T00:40:40.252+0200, 4, 2, 6, 6, 8, 4, 8, 5, 2, 6, 4, 5, 3, 5, 5, 6, 2, 7, 6, 10, 4, 3, 3, 8
2012-05-05T00:21:09.057+0200, 5, 10, 6, 11, 5, 3, 7, 5, 3, 9, 5, 3, 9, 10, 3, 8, 6, 6, 5, 8, 3, 7, 7, 10
2012-05-06T01:20:29.651+0200, 0, 6, 9, 11, 4, 3, 4, 7, 5, 6, 5, 4, 6, 7, 5, 6, 2, 7, 8, 6, 7, 5, 8, 4
2012-05-07T00:02:06.996+0200, 7, 6, 5, 5, 6, 9, 6, 8, 5, 8, 9, 2, 2, 3, 12, 3, 4, 10, 4, 6, 2, 3, 2, 4
2012-05-08T00:07:55.511+0200, 6, 5, 8, 5, 5, 2, 10, 6, 5, 4, 5, 10, 5, 3, 0, 8, 6, 4, 5, 4, 5, 4, 4, 8
2012-05-09T00:10:16.453+0200, 5, 5, 3, 5, 4, 2, 5, 3, 5, 5, 2, 0, 3, 3, 3, 0, 6, 11, 7, 2, 12, 3, 9, 6
2012-05-10T00:32:12.509+0200, 4, 5, 2, 3, 6, 5, 10, 4, 3, 3, 0, 8, 3, 6, 3, 4, 5, 3, 4, 8, 11, 2, 5, 5
2012-05-11T00:18:08.588+0200, 4, 8, 4, 8, 0, 5, 3, 3, 6, 4, 7, 7, 2, 7, 8, 3, 2, 4, 4, 8, 2, 7, 5, 4
2012-05-12T00:03:00.517+0200, 6, 8, 3, 7, 4, 3, 5, 6, 0, 7, 5, 4, 3, 0, 8, 5, 6, 2, 8, 5, 3, 5, 15, 4
2012-05-13T00:47:29.833+0200, 2, 2, 6, 8, 7, 0, 5, 6, 11, 6, 8, 9, 3, 5, 6, 10, 7, 4, 4, 7, 7, 4, 7, 3
2012-05-14T00:25:44.758+0200, 4, 3, 4, 6, 5, 2, 6, 6, 4, 4, 6, 3, 10, 8, 4, 4, 4, 6, 5, 5, 5, 7, 3, 9
2012-05-15T00:07:59.078+0200, 7, 4, 10, 6, 6, 5, 10, 2, 5, 6, 4, 8, 9, 2, 6, 7, 9, 6, 4, 4, 10, 4, 8, 5
2012-05-16T00:04:56.490+0200, 4, 5, 5, 6, 6, 5, 4, 3, 8, 3, 4, 6, 6, 2, 5, 0, 6, 11, 3, 2, 3, 3, 2, 5
2012-05-17T00:05:29.494+0200, 5, 8, 2, 4, 6, 4, 3, 4, 6, 7, 7, 5, 3, 3, 9, 6, 5, 5, 5, 6, 8, 5, 2, 5
2012-05-18T00:26:54.931+0200, 4, 3, 3, 5, 8, 8, 8, 8, 7, 6, 6, 7, 8, 4, 14, 8, 5, 5, 8, 8, 11, 5, 4, 2
2012-05-19T00:10:51.350+0200, 6, 6, 3, 9, 14, 6, 7, 3, 6, 5, 7, 3, 5, 6, 3, 4, 6, 5, 6, 4, 6, 6, 3, 7
2012-05-20T00:40:03.855+0200, 2, 3, 9, 6, 5, 2, 2, 6, 6, 5, 2, 6, 5, 4, 8, 6, 5, 2, 7, 5, 7, 5, 5, 4
2012-05-21T00:10:35.987+0200, 5, 4, 10, 4, 9, 4, 3, 6, 5, 0, 7, 7, 7, 3, 5, 3, 6, 3, 10, 6, 9, 6, 6, 5
2012-05-22T00:18:47.887+0200, 6, 4, 6, 3, 3, 5, 7, 7, 9, 7, 8, 4, 4, 3, 2, 4, 6, 6, 8, 7, 7, 7, 9, 5
2012-05-23T00:12:09.654+0200, 7, 10, 10, 5, 5, 7, 4, 5, 6, 4, 3, 4, 4, 5, 7, 7, 4, 6, 3, 7, 3, 0, 13, 9
2012-05-24T00:34:53.751+0200, 5, 5, 6, 4, 4, 3, 7, 5, 5, 5, 8, 6, 4, 4, 4, 9, 4, 5, 8, 4, 7, 5, 7, 4
2012-05-25T00:09:19.147+0200, 11, 9, 5, 3, 4, 9, 5, 0, 8, 9, 3, 4, 4, 6, 7, 4, 7, 6, 5, 2, 4, 8, 4, 7
2012-05-26T00:34:28.063+0200, 5, 5, 8, 10, 7, 8, 5, 4, 2, 6, 6, 3, 5, 2, 4, 5, 10, 5, 5, 4, 5, 7, 7, 3
2012-05-27T00:18:56.455+0200, 7, 2, 5, 7, 9, 6, 6, 7, 6, 5, 9, 7, 8, 5, 8, 0, 6, 3, 3, 5, 7, 0, 6, 6
2012-05-28T00:08:16.044+0200, 7, 3, 9, 9, 6, 4, 7, 4, 6, 8, 11, 7, 3, 6, 11, 6, 5, 8, 5, 5, 4, 7, 5, 9
2012-05-29T00:03:01.358+0200, 8, 5, 2, 5, 14, 2, 9, 6, 12, 4, 8, 2, 5, 7, 4, 4, 2, 6, 3, 7, 4, 9, 5, 6
2012-05-30T00:16:30.488+0200, 5, 7, 4, 4, 0, 0, 3, 4, 0, 5, 4, 5, 5, 7, 3, 0, 9, 4, 5, 9, 2, 0, 5, 0
2012-05-31T00:20:41.173+0200, 3, 7, 5, 6, 4, 6, 9, 8, 4, 4, 3, 5, 4, 6, 9, 2, 6, 5, 4, 4, 0, 2, 3, 3
2012-06-01T01:07:38.828+0200, 0, 4, 4, 2, 5, 3, 4, 9, 5, 6, 4, 7, 4, 3, 7, 4, 5, 3, 4, 10, 2, 6, 5, 4
2012-06-02T00:43:28.821+0200, 4, 5, 8, 2, 6, 7, 6, 5, 2, 3, 3, 4, 8, 3, 13, 8, 8, 5, 5, 2, 3, 3, 4, 9
2012-06-03T00:18:59.853+0200, 4, 3, 5, 9, 8, 3, 3, 6, 3, 4, 2, 4, 2, 6, 9, 2, 4, 9, 8, 4, 0, 6, 3, 6
2012-06-04T00:59:31.219+0200, 2, 7, 3, 4, 2, 2, 3, 5, 6, 5, 2, 4, 5, 5, 3, 8, 5, 5, 4, 4, 7, 0, 6, 11
2012-06-05T00:05:52.116+0200, 5, 2, 4, 5, 3, 3, 0, 0, 7, 0, 5, 3, 3, 3, 9, 7, 5, 7, 0, 5, 6, 2, 2, 2
2012-06-06T00:36:35.352+0200, 6, 2, 5, 4, 2, 3, 7, 8, 4, 4, 7, 10, 2, 5, 5, 4, 3, 4, 4, 3, 2, 7, 0, 8
2012-06-07T00:32:49.305+0200, 4, 7, 5, 4, 4, 2, 6, 3, 9, 0, 4, 5, 7, 6, 2, 7, 4, 5, 7, 3, 5, 3, 2, 5
2012-06-08T00:24:08.686+0200, 5, 0, 8, 4, 6, 2, 5, 3, 5, 2, 4, 3, 6, 6, 7, 2, 6, 6, 6, 4, 9, 4, 3, 4
2012-06-09T00:23:22.369+0200, 4, 7, 3, 3, 4, 2, 5, 4, 6, 2, 0, 5, 0, 5, 4, 3, 5, 2, 7, 7, 0, 3, 5, 5
2012-06-10T00:17:11.802+0200, 3, 0, 4, 3, 5, 3, 3, 3, 5, 2, 3, 0, 1, 9, 5, 0, 11, 9, 3, 4, 2, 4, 0, 6
2012-06-11T01:05:02.609+0200, 0, 5, 4, 4, 3, 4, 0, 7, 2, 5, 0, 5, 0, 6, 5, 4, 2, 2, 2, 3, 3, 0, 4, 10
2012-06-12T00:33:19.684+0200, 2, 2, 2, 3, 3, 9, 3, 3, 6, 6, 5, 6, 7, 0, 4, 0, 4, 7, 0, 9, 2, 3, 3, 5
2012-06-13T00:23:57.792+0200, 5, 3, 3, 4, 2, 3, 4, 2, 0, 5, 0, 4, 5, 0, 5, 5, 0, 5, 4, 4, 2, 2, 3, 3
2012-06-14T00:20:31.221+0200, 6, 2, 7, 4, 4, 6, 3, 5, 3, 9, 6, 4, 6, 8, 3, 5, 6, 2, 5, 0, 4, 2, 6, 3
2012-06-15T00:33:20.717+0200, 4, 3, 3, 5, 11, 4, 4, 4, 4, 5, 7, 7, 6, 2, 3, 0, 10, 0, 7, 0, 2, 0, 5, 4
2012-06-16T00:07:05.722+0200, 8, 4, 4, 0, 8, 0, 9, 4, 6, 0, 5, 6, 9, 7, 6, 7, 4, 5, 4, 3, 4, 0, 5, 5
2012-06-17T01:11:42.270+0200, 0, 5, 4, 6, 0, 4, 0, 5, 6, 4, 2, 9, 3, 5, 5, 2, 5, 7, 4, 7, 4, 3, 4, 3
2012-06-18T00:20:46.411+0200, 3, 2, 9, 5, 6, 4, 6, 4, 5, 4, 3, 7, 9, 10, 2, 2, 6, 2, 4, 4, 6, 4, 4, 3
2012-06-19T00:19:48.589+0200, 3, 3, 6, 3, 2, 7, 4, 3, 5, 4, 3, 0, 5, 6, 2, 5, 3, 5, 2, 7, 5, 6, 5, 8
2012-06-20T00:20:42.259+0200, 3, 4, 4, 7, 2, 3, 4, 9, 6, 4, 4, 7, 5, 4, 9, 6, 3, 5, 2, 4, 5, 5, 0, 3
2012-06-21T00:45:39.775+0200, 2, 2, 3, 3, 5, 2, 0, 3, 2, 3, 4, 3, 8, 6, 3, 5, 11, 4, 4, 4, 0, 6, 5, 2
2012-06-22T01:10:26.071+0200, 0, 8, 6, 0, 6, 0, 6, 5, 4, 2, 5, 2, 5, 4, 2, 6, 5, 5, 0, 6, 5, 8, 3, 3
2012-06-23T00:36:02.510+0200, 6, 2, 3, 3, 0, 7, 3, 4, 8, 3, 5, 0, 8, 2, 4, 4, 2, 6, 5, 5, 3, 6, 2, 6
2012-06-24T00:57:40.482+0200, 3, 4, 0, 2, 2, 3, 4, 9, 8, 5, 4, 0, 6, 2, 4, 3, 2, 3, 2, 2, 6, 4, 0, 5
2012-06-25T00:37:57.158+0200, 3, 5, 0, 5, 0, 2, 5, 3, 6, 6, 2, 5, 5, 6, 7, 2, 3, 4, 3, 4, 3, 5, 3, 0
2012-06-26T00:07:33.922+0200, 2, 5, 2, 3, 4, 8, 6, 4, 3, 5, 5, 5, 4, 2, 4, 2, 2, 2, 2, 0, 4, 4, 6, 6
2012-06-27T00:12:11.700+0200, 6, 3, 3, 0, 4, 3, 2, 5, 3, 3, 2, 6, 8, 4, 2, 3, 2, 3, 2, 4, 6, 6, 5, 5
2012-06-28T00:28:02.654+0200, 4, 4, 3, 6, 2, 6, 4, 4, 6, 4, 5, 4, 12, 5, 4, 4, 5, 3, 3, 3, 3, 4, 5, 2
2012-06-29T00:21:03.077+0200, 5, 3, 4, 5, 0, 8, 9, 3, 3, 2, 2, 5, 4, 6, 5, 2, 5, 4, 2, 4, 10, 2, 8, 5
2012-06-30T00:22:59.975+0200, 6, 8, 5, 7, 4, 3, 6, 8, 7, 6, 4, 4, 2, 0, 6, 4, 5, 5, 2, 5, 5, 3, 7, 3
2012-07-01T00:04:38.711+0200, 6, 8, 4, 9, 2, 2, 4, 7, 2, 7, 9, 0, 5, 5, 4, 7, 6, 3, 6, 3, 13, 9, 4, 6
2012-07-02T00:50:13.233+0200, 5, 4, 10, 4, 6, 3, 8, 6, 8, 0, 4, 4, 11, 5, 5, 7, 0, 5, 9, 0, 5, 6, 5, 7
2012-07-03T00:29:22.661+0200, 8, 11, 3, 10, 9, 3, 3, 4, 2, 4, 4, 9, 2, 12, 5, 9, 4, 2, 7, 12, 8, 7, 9, 3
2012-07-04T00:29:50.989+0200, 4, 5, 6, 4, 8, 8, 4, 8, 9, 8, 5, 8, 4, 7, 9, 8, 7, 7, 2, 2, 2, 9, 6, 4
2012-07-05T00:17:00.042+0200, 5, 4, 5, 8, 5, 3, 6, 6, 4, 3, 6, 8, 11, 3, 4, 6, 2, 7, 5, 2, 4, 4, 4, 5
2012-07-06T00:03:28.296+0200, 9, 5, 6, 9, 3, 6, 6, 8, 10, 9, 9, 7, 4, 4, 8, 4, 5, 3, 3, 7, 3, 5, 10, 3
2012-07-07T00:24:58.797+0200, 4, 8, 4, 6, 9, 4, 6, 6, 4, 6, 4, 5, 5, 7, 8, 4, 6, 6, 2, 3, 12, 7, 6, 4
2012-07-08T00:07:11.130+0200, 5, 6, 7, 5, 9, 6, 4, 5, 4, 3, 4, 7, 5, 6, 5, 5, 3, 10, 6, 3, 8, 9, 5, 7
2012-07-09T00:07:18.306+0200, 8, 10, 9, 8, 4, 8, 5, 4, 7, 3, 2, 2, 7, 4, 7, 12, 6, 10, 7, 0, 8, 9, 5, 6
2012-07-10T00:11:15.828+0200, 5, 6, 5, 8, 10, 3, 7, 3, 6, 10, 3, 11, 5, 4, 2, 4, 2, 11, 6, 7, 5, 9, 5, 7
2012-07-11T00:00:50.860+0200, 5, 5, 5, 5, 10, 8, 2, 7, 0, 4, 3, 7, 5, 8, 5, 6, 5, 6, 4, 3, 3, 3, 6, 10
2012-07-12T00:09:39.381+0200, 4, 3, 5, 2, 5, 7, 2, 6, 9, 6, 4, 3, 5, 8, 4, 2, 8, 2, 4, 5, 3, 4, 5, 6
2012-07-13T00:20:24.119+0200, 7, 8, 7, 5, 7, 9, 7, 5, 4, 7, 6, 3, 2, 3, 9, 3, 3, 4, 2, 6, 7, 4, 3, 7
2012-07-14T00:13:40.676+0200, 8, 9, 3, 3, 3, 3, 8, 6, 6, 6, 5, 6, 6, 5, 13, 0, 4, 4, 0, 10, 2, 9, 5, 6
2012-07-15T00:17:59.596+0200, 6, 7, 5, 5, 6, 4, 6, 4, 8, 5, 9, 8, 0, 7, 5, 7, 5, 6, 9, 6, 4, 5, 8, 15
2012-07-16T00:10:35.797+0200, 5, 4, 6, 5, 4, 6, 2, 4, 7, 7, 4, 5, 4, 8, 6, 0, 9, 5, 5, 4, 4, 9, 6, 3
2012-07-17T00:22:56.871+0200, 5, 0, 4, 6, 6, 5, 9, 6, 4, 4, 6, 11, 7, 8, 2, 5, 8, 4, 5, 3, 5, 3, 7, 6
2012-07-18T00:04:32.687+0200, 5, 7, 8, 5, 4, 2, 4, 4, 6, 5, 0, 6, 2, 4, 5, 4, 6, 6, 8, 6, 0, 1, 5, 8
2012-07-19T00:22:57.044+0200, 3, 4, 0, 8, 4, 2, 0, 4, 4, 6, 7, 3, 7, 0, 3, 0, 3, 3, 11, 4, 4, 2, 3, 8
2012-07-20T00:17:41.949+0200, 4, 3, 4, 14, 4, 7, 8, 7, 7, 8, 6, 5, 6, 3, 6, 0, 10, 7, 2, 3, 5, 3, 9, 7
2012-07-21T01:00:35.799+0200, 0, 4, 3, 9, 3, 2, 0, 5, 4, 6, 5, 8, 8, 7, 5, 3, 3, 2, 4, 2, 7, 3, 5, 5
2012-07-22T00:23:05.044+0200, 3, 4, 8, 10, 9, 6, 2, 6, 3, 7, 7, 11, 5, 3, 3, 7, 7, 7, 0, 12, 7, 0, 3, 4
2012-07-23T00:33:42.165+0200, 5, 3, 5, 9, 3, 6, 7, 5, 6, 7, 8, 3, 9, 4, 4, 8, 6, 6, 3, 7, 4, 6, 9, 4
2012-07-24T00:28:26.983+0200, 3, 5, 4, 0, 6, 2, 6, 4, 11, 5, 8, 8, 8, 6, 4, 7, 7, 4, 6, 4, 5, 5, 4, 3
2012-07-25T00:34:38.075+0200, 9, 0, 5, 4, 3, 6, 5, 5, 5, 3, 3, 8, 3, 4, 8, 8, 3, 7, 9, 3, 3, 2, 3, 4
2012-07-26T00:15:34.964+0200, 6, 6, 6, 4, 6, 4, 5, 9, 5, 6, 7, 4, 2, 5, 6, 5, 10, 7, 5, 9, 7, 0, 6, 5
2012-07-27T00:10:01.588+0200, 6, 3, 5, 6, 4, 5, 5, 3, 5, 5, 4, 3, 2, 4, 3, 6, 5, 5, 7, 8, 3, 6, 2, 9
2012-07-28T01:00:58.570+0200, 0, 8, 4, 6, 8, 2, 4, 6, 7, 4, 7, 6, 4, 4, 3, 3, 0, 6, 8, 4, 3, 3, 4, 4
2012-07-29T00:48:20.006+0200, 2, 8, 0, 8, 4, 3, 2, 7, 5, 4, 3, 4, 4, 3, 3, 8, 3, 6, 3, 3, 3, 3, 0, 4
2012-07-30T01:32:34.212+0200, 0, 3, 5, 2, 5, 4, 5, 3, 3, 5, 4, 5, 7, 6, 4, 2, 3, 7, 5, 5, 2, 0, 6, 4
2012-07-31T00:20:02.633+0200, 7, 0, 8, 3, 8, 8, 7, 2, 6, 3, 2, 2, 0, 8, 4, 0, 4, 6, 7, 3, 2, 4, 3, 5
2012-08-01T00:28:11.253+0200, 6, 5, 6, 6, 3, 3, 7, 3, 5, 4, 4, 3, 2, 6, 11, 7, 4, 4, 7, 2, 4, 4, 5, 2
2012-08-02T00:25:15.991+0200, 4, 5, 4, 7, 2, 4, 5, 3, 6, 7, 4, 3, 5, 0, 3, 8, 4, 5, 3, 6, 8, 2, 5, 3
2012-08-03T00:25:03.565+0200, 6, 2, 4, 4, 5, 4, 3, 2, 3, 5, 2, 4, 4, 4, 6, 3, 0, 7, 7, 0, 7, 2, 5, 0
2012-08-04T00:18:19.502+0200, 5, 4, 2, 3, 3, 6, 0, 3, 2, 4, 5, 0, 7, 4, 4, 7, 0, 1, 4, 4, 4, 2, 2, 4
2012-08-05T00:28:48.403+0200, 3, 3, 5, 4, 4, 3, 8, 4, 0, 0, 6, 2, 4, 7, 2, 6, 2, 5, 0, 3, 4, 2, 3, 0
2012-08-06T00:25:31.987+0200, 5, 5, 0, 3, 4, 4, 6, 3, 2, 3, 6, 3, 4, 4, 3, 2, 3, 5, 3, 5, 3, 2, 8, 3
2012-08-07T00:22:05.990+0200, 3, 3, 3, 3, 2, 6, 3, 3, 0, 4, 2, 0, 3, 2, 5, 10, 5, 2, 3, 3, 3, 9, 3, 3
2012-08-08T00:23:06.603+0200, 3, 4, 0, 6, 5, 4, 6, 2, 4, 4, 4, 0, 4, 3, 6, 4, 5, 4, 4, 2, 4, 2, 7, 2
2012-08-09T01:03:15.448+0200, 0, 6, 5, 4, 6, 6, 2, 3, 2, 7, 4, 2, 5, 3, 5, 9, 4, 4, 5, 4, 4, 2, 4, 6
2012-08-10T00:30:39.887+0200, 2, 3, 4, 8, 2, 6, 10, 5, 3, 4, 10, 2, 7, 3, 5, 3, 3, 6, 4, 0, 5, 2, 3, 6
2012-08-11T00:05:15.357+0200, 4, 5, 5, 3, 8, 4, 6, 6, 8, 2, 4, 8, 3, 4, 6, 5, 2, 2, 3, 4, 6, 5, 3, 13
2012-08-12T00:55:29.644+0200, 3, 3, 2, 8, 4, 3, 5, 5, 3, 2, 7, 3, 5, 4, 4, 5, 6, 5, 9, 7, 6, 0, 4, 8
2012-08-13T00:12:04.349+0200, 10, 0, 13, 0, 7, 7, 6, 7, 7, 3, 4, 4, 4, 7, 3, 7, 9, 8, 6, 8, 2, 5, 4, 3
2012-08-14T00:25:51.853+0200, 6, 3, 0, 6, 5, 5, 6, 6, 8, 3, 0, 9, 2, 6, 3, 5, 8, 4, 2, 9, 4, 6, 4, 3
2012-08-15T00:33:38.558+0200, 4, 4, 2, 5, 2, 6, 3, 4, 6, 6, 8, 5, 6, 7, 5, 4, 2, 4, 2, 3, 0, 3, 3, 5
2012-08-16T00:50:37.652+0200, 2, 3, 0, 6, 7, 5, 3, 6, 3, 8, 2, 7, 3, 8, 0, 6, 6, 6, 2, 7, 7, 4, 3, 4
2012-08-17T00:17:04.277+0200, 7, 6, 8, 0, 5, 5, 10, 3, 9, 6, 3, 6, 3, 5, 5, 5, 3, 3, 7, 5, 8, 5, 2, 2
2012-08-18T00:03:11.258+0200, 5, 2, 4, 5, 5, 4, 11, 8, 6, 8, 5, 8, 0, 5, 8, 3, 5, 4, 4, 9, 11, 6, 4, 4
2012-08-19T00:11:24.783+0200, 6, 8, 7, 3, 6, 4, 0, 3, 4, 8, 3, 2, 5, 3, 5, 9, 6, 2, 7, 3, 4, 2, 8, 4
2012-08-20T00:25:23.188+0200, 3, 6, 2, 5, 7, 9, 5, 8, 4, 4, 7, 5, 6, 7, 8, 6, 11, 4, 8, 6, 4, 7, 5, 5
2012-08-21T00:34:37.098+0200, 5, 7, 3, 4, 6, 5, 6, 5, 5, 8, 5, 6, 0, 5, 4, 4, 6, 7, 5, 4, 2, 6, 11, 6
2012-08-22T00:23:31.365+0200, 7, 5, 8, 4, 4, 6, 3, 5, 8, 3, 5, 0, 7, 4, 3, 5, 4, 2, 3, 4, 4, 10, 8, 5
2012-08-23T00:23:19.990+0200, 6, 2, 6, 4, 2, 3, 8, 5, 5, 2, 4, 6, 5, 3, 5, 2, 7, 2, 6, 6, 2, 5, 4, 8
2012-08-24T00:07:25.898+0200, 7, 4, 6, 5, 5, 5, 2, 7, 7, 0, 6, 10, 2, 7, 9, 5, 4, 7, 3, 2, 0, 5, 6, 4
2012-08-25T00:06:23.883+0200, 8, 6, 7, 5, 5, 10, 6, 5, 2, 4, 2, 5, 6, 3, 4, 9, 6, 7, 4, 3, 2, 2, 6, 5
2012-08-26T00:32:28.038+0200, 4, 6, 8, 7, 3, 5, 8, 5, 2, 0, 9, 4, 6, 7, 5, 15, 7, 6, 5, 7, 3, 6, 6, 7
2012-08-27T00:32:41.287+0200, 3, 4, 4, 5, 6, 5, 9, 9, 6, 5, 6, 7, 0, 6, 3, 3, 8, 7, 8, 4, 9, 8, 8, 6
2012-08-28T00:14:35.341+0200, 8, 8, 5, 7, 5, 4, 5, 8, 7, 9, 8, 5, 6, 2, 2, 4, 4, 8, 9, 3, 12, 7, 11, 6
2012-08-29T00:41:53.649+0200, 5, 8, 8, 3, 6, 5, 10, 5, 5, 11, 7, 7, 11, 4, 5, 6, 3, 11, 8, 8, 7, 9, 5, 4
2012-08-30T00:11:01.934+0200, 6, 10, 8, 8, 6, 4, 6, 8, 6, 4, 6, 13, 8, 9, 14, 5, 4, 9, 3, 5, 8, 3, 3, 2
2012-08-31T00:18:08.880+0200, 7, 4, 4, 4, 6, 6, 3, 6, 7, 5, 2, 7, 4, 3, 6, 10, 5, 6, 11, 8, 6, 5, 6, 6
2012-09-01T00:23:58.221+0200, 5, 11, 9, 5, 3, 5, 7, 5, 2, 7, 5, 7, 0, 3, 7, 4, 6, 4, 3, 7, 5, 7, 9, 13
2012-09-02T00:58:36.380+0200, 2, 6, 3, 3, 7, 4, 6, 11, 6, 11, 6, 7, 5, 8, 6, 9, 4, 5, 6, 5, 2, 2, 8, 4
2012-09-03T00:05:09.386+0200, 11, 4, 0, 3, 3, 5, 7, 6, 3, 12, 6, 6, 11, 9, 5, 5, 4, 10, 5, 6, 4, 4, 6, 4
2012-09-04T00:12:46.531+0200, 8, 5, 6, 6, 6, 12, 9, 4, 7, 7, 6, 3, 5, 9, 4, 6, 11, 7, 6, 3, 10, 9, 7, 9
2012-09-05T00:19:20.298+0200, 7, 4, 9, 8, 6, 3, 8, 11, 6, 3, 7, 5, 6, 13, 5, 0, 6, 3, 5, 7, 6, 12, 7, 6
2012-09-06T00:10:53.796+0200, 4, 10, 3, 8, 6, 0, 7, 2, 7, 4, 2, 7, 6, 4, 4, 7, 6, 6, 6, 10, 6, 2, 8, 4
2012-09-07T00:23:11.254+0200, 7, 4, 7, 7, 3, 0, 5, 8, 6, 8, 7, 4, 3, 10, 8, 5, 6, 7, 4, 6, 6, 4, 9, 10
2012-09-08T00:22:45.504+0200, 3, 8, 2, 9, 10, 3, 0, 5, 4, 7, 4, 6, 5, 6, 7, 4, 6, 8, 3, 8, 7, 6, 2, 6
2012-09-09T00:11:01.818+0200, 6, 8, 2, 7, 3, 10, 6, 4, 4, 8, 7, 7, 4, 6, 8, 4, 9, 6, 7, 7, 13, 4, 12, 7
2012-09-10T00:11:48.242+0200, 8, 4, 3, 7, 7, 8, 8, 2, 7, 4, 6, 11, 6, 6, 8, 6, 8, 3, 4, 7, 9, 8, 5, 8
2012-09-11T00:10:29.050+0200, 10, 2, 9, 7, 7, 6, 6, 13, 11, 7, 4, 7, 5, 5, 8, 6, 8, 2, 12, 8, 8, 8, 7, 5
2012-09-12T00:06:10.738+0200, 12, 5, 6, 8, 4, 10, 5, 9, 4, 5, 7, 7, 4, 6, 5, 4, 4, 2, 7, 7, 6, 4, 2, 8
2012-09-13T00:15:40.651+0200, 6, 3, 4, 6, 5, 8, 7, 9, 9, 3, 7, 7, 6, 3, 11, 5, 4, 5, 6, 10, 5, 6, 8, 4
2012-09-14T00:43:38.297+0200, 5, 5, 2, 6, 7, 9, 4, 10, 6, 4, 4, 8, 8, 9, 4, 6, 7, 6, 9, 5, 7, 3, 6, 8
2012-09-15T00:29:29.495+0200, 5, 6, 3, 7, 8, 4, 7, 4, 7, 3, 6, 9, 7, 7, 4, 5, 9, 8, 6, 12, 9, 3, 8, 4
2012-09-16T00:15:10.966+0200, 5, 5, 6, 2, 6, 13, 13, 5, 8, 4, 6, 7, 3, 8, 8, 2, 4, 7, 4, 3, 5, 9, 8, 4
2012-09-17T00:06:55.176+0200, 8, 3, 2, 9, 5, 2, 7, 8, 7, 3, 2, 7, 5, 2, 6, 9, 3, 4, 5, 6, 3, 3, 5, 6
2012-09-18T00:21:47.031+0200, 2, 6, 8, 6, 5, 5, 6, 4, 4, 3, 7, 5, 6, 4, 3, 7, 8, 8, 3, 7, 4, 8, 0, 10
2012-09-19T01:06:05.128+0200, 0, 8, 3, 6, 7, 0, 3, 5, 3, 5, 10, 9, 4, 5, 7, 5, 3, 5, 4, 9, 2, 4, 7, 7
2012-09-20T00:35:06.199+0200, 5, 7, 4, 5, 0, 7, 4, 3, 5, 3, 3, 5, 0, 6, 8, 2, 9, 5, 7, 6, 8, 9, 6, 4
2012-09-21T00:22:47.346+0200, 5, 3, 5, 10, 3, 4, 0, 7, 8, 2, 2, 2, 6, 7, 9, 5, 4, 2, 5, 12, 9, 3, 2, 8
2012-09-22T00:16:27.943+0200, 6, 6, 5, 5, 3, 7, 0, 11, 3, 11, 4, 7, 3, 5, 0, 6, 4, 7, 4, 4, 7, 4, 5, 6
2012-09-23T00:29:12.245+0200, 4, 4, 7, 5, 6, 9, 3, 6, 6, 6, 4, 5, 3, 3, 3, 2, 4, 3, 2, 6, 4, 4, 8, 6
2012-09-24T00:59:12.381+0200, 2, 4, 4, 2, 5, 6, 10, 2, 4, 3, 4, 7, 6, 4, 6, 4, 4, 0, 13, 3, 3, 6, 5, 5
2012-09-25T00:04:33.999+0200, 8, 2, 4, 6, 8, 3, 4, 7, 3, 2, 8, 0, 4, 4, 5, 4, 0, 3, 3, 5, 7, 5, 3, 6
2012-09-26T00:13:14.644+0200, 6, 3, 3, 2, 5, 0, 5, 5, 4, 8, 5, 7, 2, 5, 5, 3, 0, 4, 3, 6, 7, 3, 3, 0
2012-09-27T00:05:52.409+0200, 6, 0, 7, 3, 2, 2, 4, 0, 7, 7, 3, 4, 9, 9, 3, 0, 3, 4, 4, 3, 9, 6, 12, 3
2012-09-28T00:44:41.309+0200, 3, 6, 6, 0, 7, 5, 5, 8, 7, 5, 4, 2, 4, 0, 6, 4, 3, 4, 3, 4, 6, 3, 2, 5
2012-09-29T00:15:29.782+0200, 4, 2, 5, 7, 4, 4, 4, 3, 2, 8, 4, 3, 5, 5, 4, 0, 7, 0, 7, 3, 3, 3, 3, 5
2012-09-30T01:10:42.474+0200, 0, 7, 4, 7, 3, 5, 3, 3, 4, 3, 4, 5, 2, 6, 5, 2, 3, 3, 7, 2, 3, 5, 2, 6
2012-10-01T01:09:58.572+0200, 0, 7, 6, 4, 4, 0, 4, 5, 5, 4, 5, 3, 6, 3, 5, 7, 2, 5, 6, 7, 6, 4, 2, 4
2012-10-02T00:17:08.839+0200, 3, 7, 6, 5, 6, 4, 6, 5, 0, 3, 0, 9, 4, 4, 3, 5, 6, 5, 3, 7, 4, 3, 5, 5
2012-10-03T00:38:51.912+0200, 5, 7, 4, 6, 4, 3, 4, 3, 4, 2, 8, 4, 7, 0, 8, 5, 2, 4, 3, 3, 7, 3, 2, 5
2012-10-04T00:02:46.956+0200, 4, 4, 2, 7, 5, 0, 6, 6, 6, 5, 7, 3, 6, 9, 6, 3, 5, 3, 4, 5, 9, 10, 4, 4
2012-10-05T00:43:55.496+0200, 4, 4, 6, 0, 7, 9, 8, 6, 5, 3, 4, 3, 6, 4, 6, 7, 6, 8, 3, 10, 2, 9, 7, 4
2012-10-06T00:15:22.107+0200, 5, 5, 7, 3, 5, 3, 3, 8, 9, 2, 9, 5, 6, 8, 7, 0, 6, 6, 6, 2, 6, 6, 8, 8
2012-10-07T00:19:07.860+0200, 6, 8, 14, 3, 8, 6, 4, 9, 10, 4, 6, 5, 5, 5, 10, 2, 4, 5, 2, 3, 6, 0, 8, 6
2012-10-08T00:09:50.002+0200, 3, 5, 4, 10, 8, 2, 8, 7, 6, 6, 5, 4, 6, 8, 4, 5, 8, 6, 3, 5, 2, 10, 4, 4
2012-10-09T00:35:33.565+0200, 4, 10, 6, 4, 6, 6, 10, 2, 2, 6, 4, 6, 7, 2, 4, 2, 2, 3, 7, 4, 4, 3, 3, 6
2012-10-10T00:21:38.801+0200, 7, 5, 5, 7, 5, 4, 6, 2, 4, 6, 6, 4, 4, 5, 8, 5, 4, 2, 4, 4, 11, 9, 8, 3
2012-10-11T00:14:22.570+0200, 11, 4, 6, 5, 3, 2, 7, 3, 4, 2, 5, 8, 5, 5, 2, 7, 2, 8, 7, 2, 0, 9, 9, 7
2012-10-12T00:35:36.979+0200, 5, 9, 8, 2, 8, 6, 5, 6, 7, 6, 6, 7, 4, 7, 4, 2, 7, 8, 2, 2, 5, 7, 4, 7
2012-10-13T00:12:34.402+0200, 3, 6, 7, 6, 4, 7, 0, 6, 7, 6, 5, 5, 6, 8, 4, 7, 3, 4, 4, 4, 6, 5, 4, 4
2012-10-14T00:12:33.994+0200, 7, 8, 4, 7, 2, 4, 5, 6, 3, 6, 4, 8, 0, 7, 7, 6, 3, 2, 7, 5, 6, 4, 5, 5
2012-10-15T00:12:50.111+0200, 7, 5, 6, 8, 7, 9, 3, 4, 7, 3, 8, 5, 8, 7, 9, 7, 7, 9, 9, 8, 9, 4, 4, 7
2012-10-16T00:09:14.742+0200, 6, 2, 8, 5, 7, 7, 9, 6, 3, 5, 6, 5, 6, 6, 4, 6, 3, 7, 10, 10, 7, 5, 11, 5
2012-10-17T01:09:29.316+0200, 0, 8, 5, 8, 6, 6, 6, 6, 6, 8, 4, 5, 8, 6, 5, 7, 13, 7, 4, 3, 3, 5, 6, 4
2012-10-18T00:24:57.695+0200, 4, 4, 6, 3, 7, 7, 3, 8, 5, 3, 4, 5, 3, 3, 9, 12, 2, 3, 5, 4, 7, 6, 5, 4
2012-10-19T00:08:01.262+0200, 5, 2, 6, 5, 4, 5, 8, 7, 7, 2, 2, 7, 7, 12, 4, 5, 3, 7, 9, 7, 4, 4, 4, 4
